customer_name,material_type,sales_date,meters_sold,district,state,region,version
Textile_House_461,Silk,2025-10-19,517.29,Howrah,West Bengal,East,2.1.0
Textile_House_113,Linen,2025-04-24,571.01,Mumbai,Maharashtra,West,2.1.0
Textile_House_171,Silk,2025-09-03,113.06,Surat,Gujarat,West,2.1.0
Textile_House_388,Silk,2025-07-25,647.37,Cuttack,Odisha,East,2.1.0
Textile_House_366,Polyester,2025-03-20,725.97,Kolkata,West Bengal,East,2.1.0
Textile_House_296,Silk,2025-04-11,118.81,Ahmedabad,Gujarat,West,2.1.0
Textile_House_474,Cotton,2025-01-01,663.09,Nagpur,Maharashtra,West,2.1.0
Textile_House_289,Linen,2025-12-01,68.32,Howrah,West Bengal,East,2.1.0
Textile_House_432,Polyester,2025-12-05,556.99,Sambalpur,Odisha,East,2.1.0
Textile_House_272,Polyester,2025-03-14,631.05,Kolkata,West Bengal,East,2.1.0
Textile_House_427,Synthetic,2025-02-13,159.31,Surat,Gujarat,West,2.1.0
Textile_House_131,Polyester,2025-03-11,71.83,Kolkata,West Bengal,East,2.1.0
Textile_House_453,Polyester,2025-01-20,84.68,Howrah,West Bengal,East,2.1.0
Textile_House_147,Polyester,2025-10-28,838.65,Nagpur,Maharashtra,West,2.1.0
Textile_House_142,Polyester,2025-09-06,379.73,Sambalpur,Odisha,East,2.1.0
Textile_House_324,Silk,2025-05-29,829.04,Pune,Maharashtra,West,2.1.0
Textile_House_418,Cotton,2025-10-07,785.63,Pune,Maharashtra,West,2.1.0
Textile_House_393,Linen,2025-12-24,210.58,Nagpur,Maharashtra,West,2.1.0
Textile_House_271,Polyester,2025-01-23,660.59,Hooghly,West Bengal,East,2.1.0
Textile_House_386,Linen,2025-06-19,254.02,Howrah,West Bengal,East,2.1.0
Textile_House_344,Polyester,2025-11-19,726.67,Pune,Maharashtra,West,2.1.0
Textile_House_135,Synthetic,2025-02-17,783.65,Mumbai,Maharashtra,West,2.1.0
Textile_House_488,Linen,2025-11-19,646.58,Nagpur,Maharashtra,West,2.1.0
Textile_House_496,Linen,2025-08-28,631.02,Howrah,West Bengal,East,2.1.0
Textile_House_247,Silk,2025-09-23,819.27,Nagpur,Maharashtra,West,2.1.0
Textile_House_229,Cotton,2025-04-07,130.92,Kolkata,West Bengal,East,2.1.0
Textile_House_113,Silk,2025-03-24,472.95,Bhubaneswar,Odisha,East,2.1.0
Textile_House_433,Linen,2025-09-16,358.04,Ahmedabad,Gujarat,West,2.1.0
Textile_House_380,Polyester,2025-12-01,370.15,Cuttack,Odisha,East,2.1.0
Textile_House_319,Cotton,2025-10-14,334.85,Bhubaneswar,Odisha,East,2.1.0
Textile_House_205,Cotton,2025-07-22,277.05,Bhubaneswar,Odisha,East,2.1.0
Textile_House_164,Synthetic,2025-09-19,78.54,Cuttack,Odisha,East,2.1.0
Textile_House_347,Linen,2025-03-08,171.38,Nagpur,Maharashtra,West,2.1.0
Textile_House_376,Synthetic,2025-06-28,971.01,Sambalpur,Odisha,East,2.1.0
Textile_House_293,Linen,2025-04-19,795.6,Surat,Gujarat,West,2.1.0
Textile_House_183,Polyester,2025-01-04,95.27,Ahmedabad,Gujarat,West,2.1.0
Textile_House_187,Polyester,2025-03-07,575.06,Cuttack,Odisha,East,2.1.0
Textile_House_272,Linen,2025-10-28,72.69,Mumbai,Maharashtra,West,2.1.0
Textile_House_107,Silk,2025-12-11,156.96,Surat,Gujarat,West,2.1.0
Textile_House_214,Synthetic,2025-02-24,67.07,Rajkot,Gujarat,West,2.1.0
Textile_House_466,Synthetic,2025-06-30,110.47,Hooghly,West Bengal,East,2.1.0
Textile_House_397,Polyester,2025-04-14,303.13,Kolkata,West Bengal,East,2.1.0
Textile_House_435,Cotton,2025-02-13,385.17,Surat,Gujarat,West,2.1.0
Textile_House_167,Silk,2025-09-21,927.04,Ahmedabad,Gujarat,West,2.1.0
Textile_House_380,Cotton,2025-07-26,395.32,Pune,Maharashtra,West,2.1.0
Textile_House_427,Linen,2025-06-23,47.19,Howrah,West Bengal,East,2.1.0
Textile_House_356,Silk,2025-04-02,819.18,Kolkata,West Bengal,East,2.1.0
Textile_House_383,Silk,2025-12-09,375.53,Mumbai,Maharashtra,West,2.1.0
Textile_House_307,Linen,2025-10-05,695.87,Howrah,West Bengal,East,2.1.0
Textile_House_337,Synthetic,2025-06-26,408.51,Ahmedabad,Gujarat,West,2.1.0
Textile_House_253,Linen,2025-02-08,155.11,Pune,Maharashtra,West,2.1.0
Textile_House_348,Synthetic,2025-01-25,914.1,Nagpur,Maharashtra,West,2.1.0
Textile_House_473,Polyester,2025-02-27,100.41,Ahmedabad,Gujarat,West,2.1.0
Textile_House_126,Synthetic,2025-07-15,868.17,Surat,Gujarat,West,2.1.0
Textile_House_277,Linen,2025-09-28,811.1,Pune,Maharashtra,West,2.1.0
Textile_House_100,Synthetic,2025-02-08,906.61,Howrah,West Bengal,East,2.1.0
Textile_House_326,Synthetic,2025-04-06,639.26,Rajkot,Gujarat,West,2.1.0
Textile_House_460,Cotton,2025-07-23,643.62,Kolkata,West Bengal,East,2.1.0
Textile_House_421,Cotton,2025-08-18,240.16,Kolkata,West Bengal,East,2.1.0
Textile_House_241,Cotton,2025-01-03,278.34,Cuttack,Odisha,East,2.1.0
Textile_House_366,Cotton,2025-12-19,132.57,Bhubaneswar,Odisha,East,2.1.0
Textile_House_263,Linen,2025-12-13,97.23,Kolkata,West Bengal,East,2.1.0
Textile_House_260,Silk,2025-08-17,623.2,Kolkata,West Bengal,East,2.1.0
Textile_House_447,Cotton,2025-02-16,991.84,Cuttack,Odisha,East,2.1.0
Textile_House_167,Silk,2025-06-21,635.66,Pune,Maharashtra,West,2.1.0
Textile_House_260,Silk,2025-02-13,484.1,Rajkot,Gujarat,West,2.1.0
Textile_House_105,Silk,2025-08-30,929.35,Kolkata,West Bengal,East,2.1.0
Textile_House_105,Linen,2025-09-27,360.15,Cuttack,Odisha,East,2.1.0
Textile_House_325,Silk,2025-01-05,433.64,Ahmedabad,Gujarat,West,2.1.0
Textile_House_221,Linen,2025-02-08,412.97,Mumbai,Maharashtra,West,2.1.0
Textile_House_464,Cotton,2025-08-27,542.62,Surat,Gujarat,West,2.1.0
Textile_House_111,Silk,2025-12-21,97.44,Sambalpur,Odisha,East,2.1.0
Textile_House_410,Silk,2025-09-24,132.86,Pune,Maharashtra,West,2.1.0
Textile_House_288,Silk,2025-09-08,953.72,Bhubaneswar,Odisha,East,2.1.0
Textile_House_280,Polyester,2025-11-07,284.73,Surat,Gujarat,West,2.1.0
Textile_House_451,Silk,2025-07-24,493.04,Cuttack,Odisha,East,2.1.0
Textile_House_381,Synthetic,2025-09-03,46.54,Cuttack,Odisha,East,2.1.0
Textile_House_457,Cotton,2025-03-08,251.35,Surat,Gujarat,West,2.1.0
Textile_House_383,Linen,2025-09-19,571.18,Sambalpur,Odisha,East,2.1.0
Textile_House_184,Cotton,2025-05-27,149.37,Cuttack,Odisha,East,2.1.0
Textile_House_360,Cotton,2025-07-28,94.48,Pune,Maharashtra,West,2.1.0
Textile_House_133,Polyester,2025-03-24,868.57,Nagpur,Maharashtra,West,2.1.0
Textile_House_217,Linen,2025-07-28,752.82,Rajkot,Gujarat,West,2.1.0
Textile_House_206,Cotton,2025-10-26,7.86,Cuttack,Odisha,East,2.1.0
Textile_House_450,Polyester,2025-10-06,248.7,Hooghly,West Bengal,East,2.1.0
Textile_House_316,Polyester,2025-01-19,812.8,Sambalpur,Odisha,East,2.1.0
Textile_House_331,Synthetic,2025-06-20,161.68,Pune,Maharashtra,West,2.1.0
Textile_House_364,Cotton,2025-03-22,546.01,Hooghly,West Bengal,East,2.1.0
Textile_House_192,Silk,2025-01-13,608.59,Mumbai,Maharashtra,West,2.1.0
Textile_House_191,Polyester,2025-03-31,471.32,Surat,Gujarat,West,2.1.0
Textile_House_380,Silk,2025-10-02,680.62,Cuttack,Odisha,East,2.1.0
Textile_House_132,Cotton,2025-07-01,29.41,Hooghly,West Bengal,East,2.1.0
Textile_House_461,Synthetic,2025-08-07,436.32,Nagpur,Maharashtra,West,2.1.0
Textile_House_414,Polyester,2025-08-08,95.05,Cuttack,Odisha,East,2.1.0
Textile_House_346,Synthetic,2025-12-10,722.11,Hooghly,West Bengal,East,2.1.0
Textile_House_286,Silk,2025-04-08,721.79,Sambalpur,Odisha,East,2.1.0
Textile_House_479,Linen,2025-04-04,26.93,Howrah,West Bengal,East,2.1.0
Textile_House_427,Silk,2025-11-16,777.63,Mumbai,Maharashtra,West,2.1.0
Textile_House_116,Cotton,2025-09-20,106.18,Hooghly,West Bengal,East,2.1.0
Textile_House_492,Polyester,2025-02-11,659.9,Bhubaneswar,Odisha,East,2.1.0
Textile_House_299,Synthetic,2025-02-15,505.28,Sambalpur,Odisha,East,2.1.0
Textile_House_191,Linen,2025-03-02,457.01,Ahmedabad,Gujarat,West,2.1.0
Textile_House_364,Silk,2025-01-28,495.47,Mumbai,Maharashtra,West,2.1.0
Textile_House_431,Cotton,2025-04-15,681.35,Howrah,West Bengal,East,2.1.0
Textile_House_327,Linen,2025-05-03,151.28,Mumbai,Maharashtra,West,2.1.0
Textile_House_320,Cotton,2025-07-08,441.48,Mumbai,Maharashtra,West,2.1.0
Textile_House_315,Silk,2025-08-18,774.25,Ahmedabad,Gujarat,West,2.1.0
Textile_House_386,Synthetic,2025-03-26,750.95,Surat,Gujarat,West,2.1.0
Textile_House_201,Linen,2025-11-08,804.5,Bhubaneswar,Odisha,East,2.1.0
Textile_House_110,Polyester,2025-06-22,300.98,Rajkot,Gujarat,West,2.1.0
Textile_House_385,Linen,2025-05-18,620.84,Ahmedabad,Gujarat,West,2.1.0
Textile_House_113,Synthetic,2025-06-10,779.73,Sambalpur,Odisha,East,2.1.0
Textile_House_326,Silk,2025-08-28,966.28,Surat,Gujarat,West,2.1.0
Textile_House_375,Silk,2025-07-31,780.92,Howrah,West Bengal,East,2.1.0
Textile_House_394,Polyester,2025-03-28,618.82,Rajkot,Gujarat,West,2.1.0
Textile_House_306,Cotton,2025-08-18,587.89,Sambalpur,Odisha,East,2.1.0
Textile_House_228,Linen,2025-10-05,551.53,Surat,Gujarat,West,2.1.0
Textile_House_119,Linen,2025-05-30,659.32,Bhubaneswar,Odisha,East,2.1.0
Textile_House_214,Polyester,2025-09-20,954.32,Rajkot,Gujarat,West,2.1.0
Textile_House_255,Cotton,2025-04-11,283.96,Kolkata,West Bengal,East,2.1.0
Textile_House_385,Silk,2025-05-29,705.76,Ahmedabad,Gujarat,West,2.1.0
Textile_House_155,Cotton,2025-03-20,314.66,Ahmedabad,Gujarat,West,2.1.0
Textile_House_323,Silk,2025-12-09,142.29,Kolkata,West Bengal,East,2.1.0
Textile_House_156,Cotton,2025-03-09,973.87,Hooghly,West Bengal,East,2.1.0
Textile_House_483,Synthetic,2025-06-29,148.76,Hooghly,West Bengal,East,2.1.0
Textile_House_161,Synthetic,2025-07-12,884.49,Pune,Maharashtra,West,2.1.0
Textile_House_136,Silk,2025-04-07,477.06,Hooghly,West Bengal,East,2.1.0
Textile_House_429,Linen,2025-11-04,567.65,Ahmedabad,Gujarat,West,2.1.0
Textile_House_478,Silk,2025-03-29,825.9,Sambalpur,Odisha,East,2.1.0
Textile_House_185,Synthetic,2025-04-19,999.35,Surat,Gujarat,West,2.1.0
Textile_House_116,Synthetic,2025-08-02,99.44,Howrah,West Bengal,East,2.1.0
Textile_House_455,Polyester,2025-01-14,494.21,Howrah,West Bengal,East,2.1.0
Textile_House_444,Linen,2025-02-24,368.41,Howrah,West Bengal,East,2.1.0
Textile_House_168,Linen,2025-09-09,934.78,Hooghly,West Bengal,East,2.1.0
Textile_House_405,Silk,2025-04-04,921.74,Surat,Gujarat,West,2.1.0
Textile_House_337,Cotton,2025-08-21,256.59,Kolkata,West Bengal,East,2.1.0
Textile_House_330,Silk,2025-09-27,806.18,Surat,Gujarat,West,2.1.0
Textile_House_276,Silk,2025-09-22,507.2,Rajkot,Gujarat,West,2.1.0
Textile_House_192,Silk,2025-07-25,427.59,Pune,Maharashtra,West,2.1.0
Textile_House_165,Cotton,2025-12-27,798.49,Rajkot,Gujarat,West,2.1.0
Textile_House_411,Linen,2025-06-25,149.94,Cuttack,Odisha,East,2.1.0
Textile_House_384,Cotton,2025-10-28,855.11,Hooghly,West Bengal,East,2.1.0
Textile_House_313,Silk,2025-03-09,503.63,Kolkata,West Bengal,East,2.1.0
Textile_House_211,Silk,2025-02-17,206.2,Rajkot,Gujarat,West,2.1.0
Textile_House_251,Polyester,2025-07-29,467.94,Kolkata,West Bengal,East,2.1.0
Textile_House_127,Synthetic,2025-07-16,146.72,Cuttack,Odisha,East,2.1.0
Textile_House_130,Silk,2025-10-13,555.54,Bhubaneswar,Odisha,East,2.1.0
Textile_House_407,Polyester,2025-11-05,990.75,Ahmedabad,Gujarat,West,2.1.0
Textile_House_227,Linen,2025-12-06,89.14,Bhubaneswar,Odisha,East,2.1.0
Textile_House_131,Silk,2025-10-07,376.69,Rajkot,Gujarat,West,2.1.0
Textile_House_323,Synthetic,2025-12-11,306.45,Ahmedabad,Gujarat,West,2.1.0
Textile_House_428,Silk,2025-08-22,256.33,Hooghly,West Bengal,East,2.1.0
Textile_House_272,Cotton,2025-02-11,391.45,Sambalpur,Odisha,East,2.1.0
Textile_House_331,Polyester,2025-02-07,903.63,Ahmedabad,Gujarat,West,2.1.0
Textile_House_136,Polyester,2025-07-12,539.02,Cuttack,Odisha,East,2.1.0
Textile_House_486,Cotton,2025-02-05,758.59,Nagpur,Maharashtra,West,2.1.0
Textile_House_315,Polyester,2025-02-10,220.68,Ahmedabad,Gujarat,West,2.1.0
Textile_House_285,Polyester,2025-10-06,983.51,Rajkot,Gujarat,West,2.1.0
Textile_House_271,Cotton,2025-02-04,232.62,Kolkata,West Bengal,East,2.1.0
Textile_House_219,Polyester,2025-12-09,235.2,Sambalpur,Odisha,East,2.1.0
Textile_House_273,Polyester,2025-07-02,253.07,Bhubaneswar,Odisha,East,2.1.0
Textile_House_394,Synthetic,2025-12-18,50.14,Kolkata,West Bengal,East,2.1.0
Textile_House_315,Silk,2025-05-22,256.13,Nagpur,Maharashtra,West,2.1.0
Textile_House_313,Cotton,2025-11-14,677.97,Surat,Gujarat,West,2.1.0
Textile_House_426,Silk,2025-09-19,670.75,Surat,Gujarat,West,2.1.0
Textile_House_173,Silk,2025-07-01,800.27,Hooghly,West Bengal,East,2.1.0
Textile_House_169,Cotton,2025-02-04,556.57,Mumbai,Maharashtra,West,2.1.0
Textile_House_134,Polyester,2025-11-07,479.01,Bhubaneswar,Odisha,East,2.1.0
Textile_House_465,Silk,2025-09-05,660.64,Howrah,West Bengal,East,2.1.0
Textile_House_213,Linen,2025-03-21,564.19,Nagpur,Maharashtra,West,2.1.0
Textile_House_279,Synthetic,2025-11-18,651.13,Pune,Maharashtra,West,2.1.0
Textile_House_385,Synthetic,2025-04-28,737.08,Cuttack,Odisha,East,2.1.0
Textile_House_464,Linen,2025-04-30,308.01,Kolkata,West Bengal,East,2.1.0
Textile_House_382,Cotton,2025-05-05,366.87,Nagpur,Maharashtra,West,2.1.0
Textile_House_155,Silk,2025-11-17,447.42,Howrah,West Bengal,East,2.1.0
Textile_House_183,Synthetic,2025-08-04,927.71,Rajkot,Gujarat,West,2.1.0
Textile_House_212,Silk,2025-04-24,167.57,Mumbai,Maharashtra,West,2.1.0
Textile_House_134,Silk,2025-09-08,725.77,Nagpur,Maharashtra,West,2.1.0
Textile_House_291,Linen,2025-01-07,67.57,Howrah,West Bengal,East,2.1.0
Textile_House_311,Synthetic,2025-10-25,980.82,Bhubaneswar,Odisha,East,2.1.0
Textile_House_298,Linen,2025-03-31,821.51,Kolkata,West Bengal,East,2.1.0
Textile_House_312,Linen,2025-02-27,784.2,Bhubaneswar,Odisha,East,2.1.0
Textile_House_379,Silk,2025-09-25,413.02,Cuttack,Odisha,East,2.1.0
Textile_House_257,Silk,2025-05-04,224.84,Cuttack,Odisha,East,2.1.0
Textile_House_339,Cotton,2025-08-31,259.63,Kolkata,West Bengal,East,2.1.0
Textile_House_360,Cotton,2025-01-22,445.99,Rajkot,Gujarat,West,2.1.0
Textile_House_273,Synthetic,2025-08-21,217.55,Kolkata,West Bengal,East,2.1.0
Textile_House_498,Synthetic,2025-11-30,86.83,Hooghly,West Bengal,East,2.1.0
Textile_House_163,Polyester,2025-10-17,682.5,Nagpur,Maharashtra,West,2.1.0
Textile_House_273,Synthetic,2025-03-04,534.57,Kolkata,West Bengal,East,2.1.0
Textile_House_166,Linen,2025-02-05,921.27,Rajkot,Gujarat,West,2.1.0
Textile_House_405,Linen,2025-02-16,447.1,Hooghly,West Bengal,East,2.1.0
Textile_House_384,Cotton,2025-03-10,840.13,Hooghly,West Bengal,East,2.1.0
Textile_House_427,Synthetic,2025-06-07,658.87,Pune,Maharashtra,West,2.1.0
Textile_House_411,Polyester,2025-06-11,867.01,Hooghly,West Bengal,East,2.1.0
Textile_House_347,Polyester,2025-07-17,784.59,Howrah,West Bengal,East,2.1.0
Textile_House_427,Silk,2025-11-28,382.58,Rajkot,Gujarat,West,2.1.0
Textile_House_197,Cotton,2025-02-10,33.83,Sambalpur,Odisha,East,2.1.0
Textile_House_212,Synthetic,2025-10-20,221.1,Surat,Gujarat,West,2.1.0
Textile_House_415,Linen,2025-11-14,957.82,Mumbai,Maharashtra,West,2.1.0
Textile_House_326,Linen,2025-03-09,573.61,Nagpur,Maharashtra,West,2.1.0
Textile_House_249,Cotton,2025-07-13,905.4,Rajkot,Gujarat,West,2.1.0
Textile_House_381,Cotton,2025-12-21,542.05,Surat,Gujarat,West,2.1.0
Textile_House_148,Polyester,2025-01-15,896.54,Mumbai,Maharashtra,West,2.1.0
Textile_House_342,Polyester,2025-02-26,472.01,Howrah,West Bengal,East,2.1.0
Textile_House_219,Polyester,2025-03-29,492.3,Rajkot,Gujarat,West,2.1.0
Textile_House_243,Cotton,2025-11-11,550.21,Nagpur,Maharashtra,West,2.1.0
Textile_House_225,Polyester,2025-12-12,590.58,Surat,Gujarat,West,2.1.0
Textile_House_350,Silk,2025-02-27,56.42,Mumbai,Maharashtra,West,2.1.0
Textile_House_345,Cotton,2025-12-04,285.63,Ahmedabad,Gujarat,West,2.1.0
Textile_House_146,Linen,2025-03-09,809.77,Pune,Maharashtra,West,2.1.0
Textile_House_402,Cotton,2025-02-02,520.94,Kolkata,West Bengal,East,2.1.0
Textile_House_110,Linen,2025-05-14,390.57,Surat,Gujarat,West,2.1.0
Textile_House_379,Polyester,2025-12-23,352.87,Rajkot,Gujarat,West,2.1.0
Textile_House_190,Synthetic,2025-03-07,44.23,Howrah,West Bengal,East,2.1.0
Textile_House_117,Polyester,2025-04-25,757.34,Ahmedabad,Gujarat,West,2.1.0
Textile_House_151,Synthetic,2025-09-11,36.95,Howrah,West Bengal,East,2.1.0
Textile_House_302,Silk,2025-10-22,560.4,Rajkot,Gujarat,West,2.1.0
Textile_House_181,Silk,2025-07-09,443.73,Cuttack,Odisha,East,2.1.0
Textile_House_221,Linen,2025-06-05,653.09,Ahmedabad,Gujarat,West,2.1.0
Textile_House_210,Silk,2025-06-20,573.72,Nagpur,Maharashtra,West,2.1.0
Textile_House_386,Synthetic,2025-05-18,873.81,Ahmedabad,Gujarat,West,2.1.0
Textile_House_189,Silk,2025-07-10,942.31,Mumbai,Maharashtra,West,2.1.0
Textile_House_158,Cotton,2025-03-01,27.5,Hooghly,West Bengal,East,2.1.0
Textile_House_273,Synthetic,2025-03-08,221.71,Hooghly,West Bengal,East,2.1.0
Textile_House_214,Silk,2025-05-25,746.23,Cuttack,Odisha,East,2.1.0
Textile_House_123,Silk,2025-05-13,831.0,Surat,Gujarat,West,2.1.0
Textile_House_481,Cotton,2025-01-22,363.12,Nagpur,Maharashtra,West,2.1.0
Textile_House_121,Cotton,2025-02-12,730.11,Howrah,West Bengal,East,2.1.0
Textile_House_284,Polyester,2025-09-03,833.46,Sambalpur,Odisha,East,2.1.0
Textile_House_391,Polyester,2025-07-18,237.57,Rajkot,Gujarat,West,2.1.0
Textile_House_280,Silk,2025-09-18,862.45,Rajkot,Gujarat,West,2.1.0
Textile_House_304,Polyester,2025-05-23,940.07,Pune,Maharashtra,West,2.1.0
Textile_House_303,Cotton,2025-01-14,403.96,Sambalpur,Odisha,East,2.1.0
Textile_House_384,Polyester,2025-07-20,755.91,Cuttack,Odisha,East,2.1.0
Textile_House_345,Synthetic,2025-10-31,515.44,Howrah,West Bengal,East,2.1.0
Textile_House_429,Cotton,2025-01-19,454.27,Sambalpur,Odisha,East,2.1.0
Textile_House_200,Linen,2025-11-09,453.65,Pune,Maharashtra,West,2.1.0
Textile_House_274,Linen,2025-12-08,647.58,Kolkata,West Bengal,East,2.1.0
Textile_House_223,Silk,2025-04-05,802.69,Ahmedabad,Gujarat,West,2.1.0
Textile_House_262,Polyester,2025-09-04,356.09,Pune,Maharashtra,West,2.1.0
Textile_House_353,Silk,2025-12-25,174.97,Ahmedabad,Gujarat,West,2.1.0
Textile_House_458,Synthetic,2025-08-20,446.56,Ahmedabad,Gujarat,West,2.1.0
Textile_House_363,Polyester,2025-06-15,680.14,Rajkot,Gujarat,West,2.1.0
Textile_House_268,Polyester,2025-09-30,660.71,Surat,Gujarat,West,2.1.0
Textile_House_252,Linen,2025-03-14,976.84,Howrah,West Bengal,East,2.1.0
Textile_House_357,Cotton,2025-10-30,264.19,Kolkata,West Bengal,East,2.1.0
Textile_House_198,Synthetic,2025-09-05,152.84,Howrah,West Bengal,East,2.1.0
Textile_House_296,Synthetic,2025-05-21,728.68,Kolkata,West Bengal,East,2.1.0
Textile_House_474,Polyester,2025-11-01,876.27,Kolkata,West Bengal,East,2.1.0
Textile_House_155,Polyester,2025-07-14,485.71,Nagpur,Maharashtra,West,2.1.0
Textile_House_494,Synthetic,2025-06-02,818.94,Sambalpur,Odisha,East,2.1.0
Textile_House_376,Linen,2025-03-12,213.2,Hooghly,West Bengal,East,2.1.0
Textile_House_312,Silk,2025-07-05,953.08,Hooghly,West Bengal,East,2.1.0
Textile_House_404,Linen,2025-06-22,807.01,Cuttack,Odisha,East,2.1.0
Textile_House_336,Silk,2025-04-22,996.24,Howrah,West Bengal,East,2.1.0
Textile_House_262,Synthetic,2025-09-27,531.27,Rajkot,Gujarat,West,2.1.0
Textile_House_252,Polyester,2025-01-25,21.32,Howrah,West Bengal,East,2.1.0
Textile_House_390,Polyester,2025-02-16,807.6,Nagpur,Maharashtra,West,2.1.0
Textile_House_430,Cotton,2025-11-11,496.63,Cuttack,Odisha,East,2.1.0
Textile_House_467,Silk,2025-03-20,994.4,Pune,Maharashtra,West,2.1.0
Textile_House_301,Synthetic,2025-10-03,349.72,Mumbai,Maharashtra,West,2.1.0
Textile_House_294,Synthetic,2025-03-03,478.36,Hooghly,West Bengal,East,2.1.0
Textile_House_204,Polyester,2025-12-15,151.61,Cuttack,Odisha,East,2.1.0
Textile_House_323,Synthetic,2025-10-05,962.22,Hooghly,West Bengal,East,2.1.0
Textile_House_454,Synthetic,2025-12-16,644.26,Kolkata,West Bengal,East,2.1.0
Textile_House_305,Polyester,2025-05-12,197.83,Sambalpur,Odisha,East,2.1.0
Textile_House_325,Polyester,2025-10-02,468.02,Mumbai,Maharashtra,West,2.1.0
Textile_House_227,Silk,2025-07-25,767.8,Cuttack,Odisha,East,2.1.0
Textile_House_277,Linen,2025-08-24,959.45,Kolkata,West Bengal,East,2.1.0
Textile_House_246,Cotton,2025-02-23,988.81,Hooghly,West Bengal,East,2.1.0
Textile_House_493,Cotton,2025-07-04,723.85,Sambalpur,Odisha,East,2.1.0
Textile_House_273,Polyester,2025-11-21,988.45,Mumbai,Maharashtra,West,2.1.0
Textile_House_158,Linen,2025-01-11,556.09,Surat,Gujarat,West,2.1.0
Textile_House_319,Silk,2025-02-07,309.61,Ahmedabad,Gujarat,West,2.1.0
Textile_House_295,Polyester,2025-11-07,238.07,Howrah,West Bengal,East,2.1.0
Textile_House_174,Polyester,2025-06-16,544.74,Bhubaneswar,Odisha,East,2.1.0
Textile_House_351,Cotton,2025-10-08,499.34,Howrah,West Bengal,East,2.1.0
Textile_House_368,Synthetic,2025-11-07,506.74,Rajkot,Gujarat,West,2.1.0
Textile_House_355,Synthetic,2025-04-16,871.67,Cuttack,Odisha,East,2.1.0
Textile_House_114,Synthetic,2025-09-04,416.97,Surat,Gujarat,West,2.1.0
Textile_House_466,Polyester,2025-07-13,140.39,Rajkot,Gujarat,West,2.1.0
Textile_House_472,Synthetic,2025-08-25,18.81,Nagpur,Maharashtra,West,2.1.0
Textile_House_306,Linen,2025-11-28,349.43,Hooghly,West Bengal,East,2.1.0
Textile_House_487,Polyester,2025-09-16,667.47,Hooghly,West Bengal,East,2.1.0
Textile_House_198,Linen,2025-04-25,300.84,Pune,Maharashtra,West,2.1.0
Textile_House_439,Polyester,2025-09-29,427.0,Rajkot,Gujarat,West,2.1.0
Textile_House_246,Cotton,2025-10-16,748.64,Howrah,West Bengal,East,2.1.0
Textile_House_396,Cotton,2025-07-04,941.84,Nagpur,Maharashtra,West,2.1.0
Textile_House_264,Linen,2025-01-12,549.13,Cuttack,Odisha,East,2.1.0
Textile_House_378,Cotton,2025-10-11,804.42,Ahmedabad,Gujarat,West,2.1.0
Textile_House_441,Linen,2025-09-07,716.45,Hooghly,West Bengal,East,2.1.0
Textile_House_362,Cotton,2025-02-09,56.99,Nagpur,Maharashtra,West,2.1.0
Textile_House_465,Synthetic,2025-04-17,663.21,Rajkot,Gujarat,West,2.1.0
Textile_House_255,Silk,2025-11-17,552.11,Sambalpur,Odisha,East,2.1.0
Textile_House_185,Synthetic,2025-12-26,872.62,Sambalpur,Odisha,East,2.1.0
Textile_House_357,Synthetic,2025-02-28,73.06,Pune,Maharashtra,West,2.1.0
Textile_House_114,Synthetic,2025-09-30,804.2,Kolkata,West Bengal,East,2.1.0
Textile_House_169,Cotton,2025-06-30,623.56,Hooghly,West Bengal,East,2.1.0
Textile_House_146,Polyester,2025-04-02,568.07,Rajkot,Gujarat,West,2.1.0
Textile_House_377,Polyester,2025-04-30,59.99,Kolkata,West Bengal,East,2.1.0
Textile_House_477,Synthetic,2025-10-31,584.38,Pune,Maharashtra,West,2.1.0
Textile_House_429,Linen,2025-03-12,53.98,Kolkata,West Bengal,East,2.1.0
Textile_House_368,Synthetic,2025-08-19,171.39,Sambalpur,Odisha,East,2.1.0
Textile_House_274,Polyester,2025-09-24,903.48,Kolkata,West Bengal,East,2.1.0
Textile_House_111,Linen,2025-09-01,929.97,Hooghly,West Bengal,East,2.1.0
Textile_House_139,Cotton,2025-11-14,156.63,Bhubaneswar,Odisha,East,2.1.0
Textile_House_127,Cotton,2025-01-25,644.89,Ahmedabad,Gujarat,West,2.1.0
Textile_House_364,Synthetic,2025-03-11,902.05,Mumbai,Maharashtra,West,2.1.0
Textile_House_236,Linen,2025-09-26,876.63,Sambalpur,Odisha,East,2.1.0
Textile_House_200,Polyester,2025-07-06,574.29,Pune,Maharashtra,West,2.1.0
Textile_House_405,Linen,2025-09-13,29.56,Nagpur,Maharashtra,West,2.1.0
Textile_House_334,Cotton,2025-08-13,461.18,Pune,Maharashtra,West,2.1.0
Textile_House_212,Silk,2025-05-13,486.02,Mumbai,Maharashtra,West,2.1.0
Textile_House_251,Cotton,2025-08-31,440.94,Ahmedabad,Gujarat,West,2.1.0
Textile_House_328,Cotton,2025-10-29,796.45,Nagpur,Maharashtra,West,2.1.0
Textile_House_379,Synthetic,2025-07-15,165.78,Kolkata,West Bengal,East,2.1.0
Textile_House_166,Silk,2025-01-31,172.46,Mumbai,Maharashtra,West,2.1.0
Textile_House_209,Silk,2025-11-11,915.31,Howrah,West Bengal,East,2.1.0
Textile_House_404,Linen,2025-03-07,962.71,Nagpur,Maharashtra,West,2.1.0
Textile_House_278,Linen,2025-06-16,525.96,Rajkot,Gujarat,West,2.1.0
Textile_House_491,Silk,2025-06-06,657.36,Cuttack,Odisha,East,2.1.0
Textile_House_205,Cotton,2025-09-16,7.92,Rajkot,Gujarat,West,2.1.0
Textile_House_233,Silk,2025-06-06,923.51,Pune,Maharashtra,West,2.1.0
Textile_House_172,Synthetic,2025-06-15,855.11,Ahmedabad,Gujarat,West,2.1.0
Textile_House_159,Synthetic,2025-03-02,936.45,Mumbai,Maharashtra,West,2.1.0
Textile_House_306,Synthetic,2025-10-23,79.76,Hooghly,West Bengal,East,2.1.0
Textile_House_466,Cotton,2025-10-04,432.25,Mumbai,Maharashtra,West,2.1.0
Textile_House_237,Silk,2025-04-14,576.89,Cuttack,Odisha,East,2.1.0
Textile_House_301,Synthetic,2025-02-27,120.08,Ahmedabad,Gujarat,West,2.1.0
Textile_House_167,Linen,2025-10-19,136.87,Howrah,West Bengal,East,2.1.0
Textile_House_220,Synthetic,2025-09-19,361.64,Surat,Gujarat,West,2.1.0
Textile_House_314,Synthetic,2025-03-21,577.55,Cuttack,Odisha,East,2.1.0
Textile_House_365,Silk,2025-09-04,216.95,Cuttack,Odisha,East,2.1.0
Textile_House_219,Cotton,2025-09-04,509.11,Surat,Gujarat,West,2.1.0
Textile_House_230,Polyester,2025-03-09,171.36,Nagpur,Maharashtra,West,2.1.0
Textile_House_120,Linen,2025-06-26,257.61,Ahmedabad,Gujarat,West,2.1.0
Textile_House_215,Synthetic,2025-06-10,991.76,Surat,Gujarat,West,2.1.0
Textile_House_346,Linen,2025-05-30,464.93,Ahmedabad,Gujarat,West,2.1.0
Textile_House_183,Cotton,2025-06-17,550.45,Sambalpur,Odisha,East,2.1.0
Textile_House_370,Synthetic,2025-09-08,968.29,Hooghly,West Bengal,East,2.1.0
Textile_House_268,Silk,2025-01-03,225.37,Rajkot,Gujarat,West,2.1.0
Textile_House_255,Cotton,2025-08-24,715.36,Ahmedabad,Gujarat,West,2.1.0
Textile_House_126,Polyester,2025-01-03,39.38,Surat,Gujarat,West,2.1.0
Textile_House_244,Cotton,2025-11-29,338.75,Bhubaneswar,Odisha,East,2.1.0
Textile_House_354,Silk,2025-05-28,187.94,Rajkot,Gujarat,West,2.1.0
Textile_House_491,Polyester,2025-04-02,269.38,Hooghly,West Bengal,East,2.1.0
Textile_House_393,Synthetic,2025-07-21,723.93,Rajkot,Gujarat,West,2.1.0
Textile_House_406,Synthetic,2025-06-19,494.88,Mumbai,Maharashtra,West,2.1.0
Textile_House_141,Cotton,2025-04-28,793.47,Pune,Maharashtra,West,2.1.0
Textile_House_155,Linen,2025-01-10,424.46,Bhubaneswar,Odisha,East,2.1.0
Textile_House_133,Silk,2025-07-08,562.06,Howrah,West Bengal,East,2.1.0
Textile_House_472,Cotton,2025-10-30,730.86,Sambalpur,Odisha,East,2.1.0
Textile_House_126,Linen,2025-03-01,997.53,Nagpur,Maharashtra,West,2.1.0
Textile_House_324,Silk,2025-04-27,150.33,Hooghly,West Bengal,East,2.1.0
Textile_House_382,Linen,2025-06-12,621.34,Ahmedabad,Gujarat,West,2.1.0
Textile_House_343,Linen,2025-09-26,766.08,Surat,Gujarat,West,2.1.0
Textile_House_186,Linen,2025-06-15,580.48,Ahmedabad,Gujarat,West,2.1.0
Textile_House_229,Silk,2025-01-07,299.52,Cuttack,Odisha,East,2.1.0
Textile_House_164,Linen,2025-08-21,537.41,Ahmedabad,Gujarat,West,2.1.0
Textile_House_362,Silk,2025-08-01,715.2,Surat,Gujarat,West,2.1.0
Textile_House_210,Cotton,2025-10-01,764.76,Pune,Maharashtra,West,2.1.0
Textile_House_268,Cotton,2025-11-18,643.9,Howrah,West Bengal,East,2.1.0
Textile_House_319,Synthetic,2025-02-02,551.05,Cuttack,Odisha,East,2.1.0
Textile_House_168,Linen,2025-06-25,862.46,Surat,Gujarat,West,2.1.0
Textile_House_218,Cotton,2025-07-17,884.83,Pune,Maharashtra,West,2.1.0
Textile_House_437,Silk,2025-11-13,380.72,Howrah,West Bengal,East,2.1.0
Textile_House_327,Synthetic,2025-06-24,686.76,Surat,Gujarat,West,2.1.0
Textile_House_410,Silk,2025-11-13,443.38,Bhubaneswar,Odisha,East,2.1.0
Textile_House_175,Cotton,2025-06-09,751.29,Surat,Gujarat,West,2.1.0
Textile_House_420,Synthetic,2025-06-16,575.57,Hooghly,West Bengal,East,2.1.0
Textile_House_296,Cotton,2025-11-10,457.64,Pune,Maharashtra,West,2.1.0
Textile_House_447,Polyester,2025-09-01,73.42,Howrah,West Bengal,East,2.1.0
Textile_House_411,Polyester,2025-06-03,947.17,Nagpur,Maharashtra,West,2.1.0
Textile_House_456,Polyester,2025-08-03,859.31,Bhubaneswar,Odisha,East,2.1.0
Textile_House_473,Polyester,2025-08-11,768.58,Ahmedabad,Gujarat,West,2.1.0
Textile_House_212,Silk,2025-10-28,116.53,Hooghly,West Bengal,East,2.1.0
Textile_House_204,Cotton,2025-02-26,539.69,Ahmedabad,Gujarat,West,2.1.0
Textile_House_228,Synthetic,2025-01-11,942.73,Ahmedabad,Gujarat,West,2.1.0
Textile_House_309,Synthetic,2025-08-12,815.47,Mumbai,Maharashtra,West,2.1.0
Textile_House_115,Synthetic,2025-02-12,167.36,Bhubaneswar,Odisha,East,2.1.0
Textile_House_327,Synthetic,2025-01-30,605.24,Howrah,West Bengal,East,2.1.0
Textile_House_336,Silk,2025-09-03,353.95,Rajkot,Gujarat,West,2.1.0
Textile_House_302,Synthetic,2025-08-23,998.8,Howrah,West Bengal,East,2.1.0
Textile_House_239,Cotton,2025-02-23,313.33,Bhubaneswar,Odisha,East,2.1.0
Textile_House_378,Silk,2025-02-28,95.87,Howrah,West Bengal,East,2.1.0
Textile_House_233,Linen,2025-08-19,801.83,Nagpur,Maharashtra,West,2.1.0
Textile_House_451,Cotton,2025-07-27,655.48,Mumbai,Maharashtra,West,2.1.0
Textile_House_307,Cotton,2025-10-14,91.1,Cuttack,Odisha,East,2.1.0
Textile_House_406,Silk,2025-02-26,72.26,Sambalpur,Odisha,East,2.1.0
Textile_House_244,Polyester,2025-09-25,999.22,Rajkot,Gujarat,West,2.1.0
Textile_House_402,Silk,2025-04-20,998.51,Bhubaneswar,Odisha,East,2.1.0
Textile_House_286,Cotton,2025-04-25,351.65,Mumbai,Maharashtra,West,2.1.0
Textile_House_129,Cotton,2025-07-17,14.46,Hooghly,West Bengal,East,2.1.0
Textile_House_181,Silk,2025-05-01,287.61,Hooghly,West Bengal,East,2.1.0
Textile_House_208,Cotton,2025-04-03,346.99,Cuttack,Odisha,East,2.1.0
Textile_House_404,Cotton,2025-10-09,929.81,Howrah,West Bengal,East,2.1.0
Textile_House_441,Polyester,2025-02-23,991.8,Nagpur,Maharashtra,West,2.1.0
Textile_House_483,Silk,2025-12-13,689.67,Ahmedabad,Gujarat,West,2.1.0
Textile_House_135,Linen,2025-06-01,194.87,Cuttack,Odisha,East,2.1.0
Textile_House_327,Cotton,2025-09-02,920.09,Rajkot,Gujarat,West,2.1.0
Textile_House_446,Linen,2025-01-20,542.27,Pune,Maharashtra,West,2.1.0
Textile_House_331,Polyester,2025-08-04,146.1,Sambalpur,Odisha,East,2.1.0
Textile_House_112,Cotton,2025-05-29,690.37,Kolkata,West Bengal,East,2.1.0
Textile_House_363,Synthetic,2025-02-20,335.83,Sambalpur,Odisha,East,2.1.0
Textile_House_356,Cotton,2025-11-08,791.76,Nagpur,Maharashtra,West,2.1.0
Textile_House_466,Polyester,2025-03-01,708.26,Kolkata,West Bengal,East,2.1.0
Textile_House_133,Silk,2025-05-31,457.45,Mumbai,Maharashtra,West,2.1.0
Textile_House_461,Cotton,2025-01-26,684.4,Surat,Gujarat,West,2.1.0
Textile_House_136,Cotton,2025-09-26,242.66,Howrah,West Bengal,East,2.1.0
Textile_House_460,Synthetic,2025-04-30,303.83,Sambalpur,Odisha,East,2.1.0
Textile_House_220,Polyester,2025-06-17,119.02,Rajkot,Gujarat,West,2.1.0
Textile_House_105,Cotton,2025-05-07,547.79,Howrah,West Bengal,East,2.1.0
Textile_House_267,Cotton,2025-12-13,904.44,Cuttack,Odisha,East,2.1.0
Textile_House_349,Linen,2025-12-13,457.3,Pune,Maharashtra,West,2.1.0
Textile_House_345,Cotton,2025-06-14,716.78,Nagpur,Maharashtra,West,2.1.0
Textile_House_315,Polyester,2025-08-12,234.37,Rajkot,Gujarat,West,2.1.0
Textile_House_407,Linen,2025-11-21,987.38,Kolkata,West Bengal,East,2.1.0
Textile_House_227,Synthetic,2025-07-04,65.46,Hooghly,West Bengal,East,2.1.0
Textile_House_438,Polyester,2025-01-30,527.67,Rajkot,Gujarat,West,2.1.0
Textile_House_270,Silk,2025-01-09,873.93,Hooghly,West Bengal,East,2.1.0
Textile_House_421,Silk,2025-01-01,583.55,Mumbai,Maharashtra,West,2.1.0
Textile_House_261,Cotton,2025-08-03,684.46,Nagpur,Maharashtra,West,2.1.0
Textile_House_189,Linen,2025-04-29,403.5,Nagpur,Maharashtra,West,2.1.0
Textile_House_394,Polyester,2025-07-01,525.78,Mumbai,Maharashtra,West,2.1.0
Textile_House_393,Polyester,2025-03-10,349.63,Rajkot,Gujarat,West,2.1.0
Textile_House_230,Cotton,2025-06-30,169.93,Nagpur,Maharashtra,West,2.1.0
Textile_House_332,Linen,2025-01-23,765.25,Cuttack,Odisha,East,2.1.0
Textile_House_383,Synthetic,2025-08-12,712.63,Kolkata,West Bengal,East,2.1.0
Textile_House_441,Cotton,2025-04-04,451.4,Surat,Gujarat,West,2.1.0
Textile_House_206,Silk,2025-12-31,988.84,Bhubaneswar,Odisha,East,2.1.0
Textile_House_397,Silk,2025-06-13,348.12,Surat,Gujarat,West,2.1.0
Textile_House_410,Silk,2025-12-23,104.32,Hooghly,West Bengal,East,2.1.0
Textile_House_266,Synthetic,2025-04-13,566.08,Kolkata,West Bengal,East,2.1.0
Textile_House_125,Cotton,2025-02-23,523.19,Pune,Maharashtra,West,2.1.0
Textile_House_230,Cotton,2025-01-06,33.93,Sambalpur,Odisha,East,2.1.0
Textile_House_323,Silk,2025-06-12,892.41,Howrah,West Bengal,East,2.1.0
Textile_House_188,Polyester,2025-01-03,917.39,Surat,Gujarat,West,2.1.0
Textile_House_305,Polyester,2025-01-11,633.79,Ahmedabad,Gujarat,West,2.1.0
Textile_House_151,Silk,2025-11-10,346.62,Rajkot,Gujarat,West,2.1.0
Textile_House_212,Linen,2025-12-12,845.03,Howrah,West Bengal,East,2.1.0
Textile_House_256,Polyester,2025-09-13,20.86,Howrah,West Bengal,East,2.1.0
Textile_House_442,Synthetic,2025-04-09,46.48,Hooghly,West Bengal,East,2.1.0
Textile_House_396,Silk,2025-01-19,834.04,Ahmedabad,Gujarat,West,2.1.0
Textile_House_395,Cotton,2025-02-05,510.42,Bhubaneswar,Odisha,East,2.1.0
Textile_House_435,Linen,2025-12-28,782.8,Hooghly,West Bengal,East,2.1.0
Textile_House_356,Synthetic,2025-09-27,816.47,Rajkot,Gujarat,West,2.1.0
Textile_House_452,Synthetic,2025-06-05,164.55,Sambalpur,Odisha,East,2.1.0
Textile_House_455,Synthetic,2025-01-18,692.24,Mumbai,Maharashtra,West,2.1.0
Textile_House_276,Silk,2025-06-02,786.88,Kolkata,West Bengal,East,2.1.0
Textile_House_369,Synthetic,2025-08-15,576.16,Sambalpur,Odisha,East,2.1.0
Textile_House_283,Silk,2025-01-01,509.1,Rajkot,Gujarat,West,2.1.0
Textile_House_384,Silk,2025-10-06,704.05,Pune,Maharashtra,West,2.1.0
Textile_House_270,Synthetic,2025-02-19,819.25,Hooghly,West Bengal,East,2.1.0
Textile_House_187,Silk,2025-04-05,298.72,Cuttack,Odisha,East,2.1.0
Textile_House_297,Silk,2025-04-24,904.82,Bhubaneswar,Odisha,East,2.1.0
Textile_House_427,Cotton,2025-01-10,992.48,Hooghly,West Bengal,East,2.1.0
Textile_House_285,Cotton,2025-01-11,601.2,Surat,Gujarat,West,2.1.0
Textile_House_261,Polyester,2025-09-07,937.19,Rajkot,Gujarat,West,2.1.0
Textile_House_286,Polyester,2025-03-08,838.91,Hooghly,West Bengal,East,2.1.0
Textile_House_360,Cotton,2025-11-21,983.74,Hooghly,West Bengal,East,2.1.0
Textile_House_253,Polyester,2025-08-24,441.7,Rajkot,Gujarat,West,2.1.0
Textile_House_370,Cotton,2025-03-28,886.95,Rajkot,Gujarat,West,2.1.0
Textile_House_199,Cotton,2025-12-13,692.16,Kolkata,West Bengal,East,2.1.0
Textile_House_132,Silk,2025-05-14,489.13,Sambalpur,Odisha,East,2.1.0
Textile_House_481,Silk,2025-06-24,839.34,Hooghly,West Bengal,East,2.1.0
Textile_House_426,Silk,2025-07-06,918.38,Mumbai,Maharashtra,West,2.1.0
Textile_House_283,Linen,2025-07-11,55.97,Surat,Gujarat,West,2.1.0
Textile_House_134,Silk,2025-11-03,177.33,Ahmedabad,Gujarat,West,2.1.0
Textile_House_226,Linen,2025-03-31,855.19,Hooghly,West Bengal,East,2.1.0
Textile_House_468,Silk,2025-03-04,125.15,Kolkata,West Bengal,East,2.1.0
Textile_House_154,Synthetic,2025-09-08,849.86,Surat,Gujarat,West,2.1.0
Textile_House_189,Polyester,2025-12-10,55.81,Ahmedabad,Gujarat,West,2.1.0
Textile_House_309,Polyester,2025-06-19,679.51,Mumbai,Maharashtra,West,2.1.0
Textile_House_124,Synthetic,2025-10-31,270.66,Howrah,West Bengal,East,2.1.0
Textile_House_293,Cotton,2025-04-27,473.01,Surat,Gujarat,West,2.1.0
Textile_House_466,Linen,2025-09-02,866.76,Sambalpur,Odisha,East,2.1.0
Textile_House_137,Linen,2025-09-27,194.89,Sambalpur,Odisha,East,2.1.0
Textile_House_430,Cotton,2025-11-01,75.28,Kolkata,West Bengal,East,2.1.0
Textile_House_155,Silk,2025-11-16,863.57,Ahmedabad,Gujarat,West,2.1.0
Textile_House_145,Silk,2025-01-26,138.81,Nagpur,Maharashtra,West,2.1.0
Textile_House_110,Silk,2025-05-18,619.81,Surat,Gujarat,West,2.1.0
Textile_House_140,Silk,2025-12-09,147.49,Nagpur,Maharashtra,West,2.1.0
Textile_House_182,Synthetic,2025-08-17,390.39,Nagpur,Maharashtra,West,2.1.0
Textile_House_444,Polyester,2025-09-15,295.89,Hooghly,West Bengal,East,2.1.0
Textile_House_364,Cotton,2025-08-20,230.03,Cuttack,Odisha,East,2.1.0
Textile_House_243,Cotton,2025-11-21,170.71,Sambalpur,Odisha,East,2.1.0
Textile_House_324,Polyester,2025-03-30,413.75,Pune,Maharashtra,West,2.1.0
Textile_House_363,Linen,2025-08-29,94.53,Hooghly,West Bengal,East,2.1.0
Textile_House_472,Polyester,2025-06-17,744.19,Surat,Gujarat,West,2.1.0
Textile_House_374,Synthetic,2025-05-24,308.76,Pune,Maharashtra,West,2.1.0
Textile_House_304,Synthetic,2025-12-31,350.1,Nagpur,Maharashtra,West,2.1.0
Textile_House_292,Cotton,2025-10-27,897.61,Kolkata,West Bengal,East,2.1.0
Textile_House_182,Linen,2025-10-16,701.06,Hooghly,West Bengal,East,2.1.0
Textile_House_422,Synthetic,2025-07-08,892.51,Sambalpur,Odisha,East,2.1.0
Textile_House_259,Silk,2025-04-15,86.25,Ahmedabad,Gujarat,West,2.1.0
Textile_House_292,Synthetic,2025-07-28,367.17,Pune,Maharashtra,West,2.1.0
Textile_House_442,Polyester,2025-04-21,14.55,Kolkata,West Bengal,East,2.1.0
Textile_House_111,Polyester,2025-12-08,728.05,Mumbai,Maharashtra,West,2.1.0
Textile_House_250,Linen,2025-12-16,717.61,Hooghly,West Bengal,East,2.1.0
Textile_House_310,Synthetic,2025-04-02,286.4,Rajkot,Gujarat,West,2.1.0
Textile_House_212,Polyester,2025-08-08,786.19,Rajkot,Gujarat,West,2.1.0
Textile_House_136,Silk,2025-10-12,296.47,Surat,Gujarat,West,2.1.0
Textile_House_191,Silk,2025-02-03,912.79,Mumbai,Maharashtra,West,2.1.0
Textile_House_136,Linen,2025-11-23,716.58,Kolkata,West Bengal,East,2.1.0
Textile_House_317,Polyester,2025-10-20,852.17,Howrah,West Bengal,East,2.1.0
Textile_House_280,Synthetic,2025-04-22,690.01,Rajkot,Gujarat,West,2.1.0
Textile_House_457,Silk,2025-11-13,585.52,Surat,Gujarat,West,2.1.0
Textile_House_131,Silk,2025-08-02,359.12,Sambalpur,Odisha,East,2.1.0
Textile_House_275,Silk,2025-08-29,280.15,Mumbai,Maharashtra,West,2.1.0
Textile_House_242,Cotton,2025-12-31,30.41,Hooghly,West Bengal,East,2.1.0
Textile_House_305,Cotton,2025-03-10,184.39,Kolkata,West Bengal,East,2.1.0
Textile_House_293,Cotton,2025-08-04,972.46,Mumbai,Maharashtra,West,2.1.0
Textile_House_248,Synthetic,2025-02-17,20.93,Bhubaneswar,Odisha,East,2.1.0
Textile_House_421,Cotton,2025-03-02,619.75,Hooghly,West Bengal,East,2.1.0
Textile_House_373,Silk,2025-10-22,354.1,Cuttack,Odisha,East,2.1.0
Textile_House_134,Silk,2025-07-12,937.16,Ahmedabad,Gujarat,West,2.1.0
Textile_House_288,Linen,2025-04-29,801.95,Nagpur,Maharashtra,West,2.1.0
Textile_House_304,Synthetic,2025-11-22,584.42,Ahmedabad,Gujarat,West,2.1.0
Textile_House_438,Linen,2025-08-30,507.39,Hooghly,West Bengal,East,2.1.0
Textile_House_130,Linen,2025-08-06,971.65,Hooghly,West Bengal,East,2.1.0
Textile_House_233,Silk,2025-08-07,611.37,Surat,Gujarat,West,2.1.0
Textile_House_183,Polyester,2025-07-07,151.3,Mumbai,Maharashtra,West,2.1.0
Textile_House_367,Polyester,2025-07-02,151.77,Howrah,West Bengal,East,2.1.0
Textile_House_394,Linen,2025-03-13,83.77,Ahmedabad,Gujarat,West,2.1.0
Textile_House_411,Silk,2025-04-27,934.84,Surat,Gujarat,West,2.1.0
Textile_House_473,Synthetic,2025-10-29,412.99,Bhubaneswar,Odisha,East,2.1.0
Textile_House_113,Synthetic,2025-12-30,657.98,Pune,Maharashtra,West,2.1.0
Textile_House_199,Polyester,2025-04-24,638.36,Nagpur,Maharashtra,West,2.1.0
Textile_House_306,Silk,2025-06-21,714.17,Kolkata,West Bengal,East,2.1.0
Textile_House_150,Silk,2025-02-06,507.53,Bhubaneswar,Odisha,East,2.1.0
Textile_House_153,Linen,2025-04-13,860.39,Howrah,West Bengal,East,2.1.0
Textile_House_478,Polyester,2025-06-30,388.1,Rajkot,Gujarat,West,2.1.0
Textile_House_256,Synthetic,2025-09-03,618.27,Hooghly,West Bengal,East,2.1.0
Textile_House_193,Silk,2025-04-08,432.4,Rajkot,Gujarat,West,2.1.0
Textile_House_251,Polyester,2025-08-13,952.88,Cuttack,Odisha,East,2.1.0
Textile_House_430,Polyester,2025-04-22,272.5,Pune,Maharashtra,West,2.1.0
Textile_House_384,Synthetic,2025-09-22,767.83,Sambalpur,Odisha,East,2.1.0
Textile_House_218,Silk,2025-09-12,400.56,Sambalpur,Odisha,East,2.1.0
Textile_House_456,Synthetic,2025-10-16,780.2,Ahmedabad,Gujarat,West,2.1.0
Textile_House_156,Synthetic,2025-08-04,529.39,Cuttack,Odisha,East,2.1.0
Textile_House_287,Cotton,2025-05-10,521.96,Kolkata,West Bengal,East,2.1.0
Textile_House_495,Linen,2025-12-20,350.3,Kolkata,West Bengal,East,2.1.0
Textile_House_283,Silk,2025-02-22,965.89,Ahmedabad,Gujarat,West,2.1.0
Textile_House_348,Polyester,2025-11-14,808.18,Surat,Gujarat,West,2.1.0
Textile_House_179,Polyester,2025-05-19,715.92,Cuttack,Odisha,East,2.1.0
Textile_House_128,Synthetic,2025-11-08,250.86,Ahmedabad,Gujarat,West,2.1.0
Textile_House_137,Cotton,2025-09-25,215.32,Nagpur,Maharashtra,West,2.1.0
Textile_House_201,Synthetic,2025-03-11,620.97,Bhubaneswar,Odisha,East,2.1.0
Textile_House_300,Polyester,2025-06-05,28.07,Ahmedabad,Gujarat,West,2.1.0
Textile_House_441,Polyester,2025-06-15,49.71,Hooghly,West Bengal,East,2.1.0
Textile_House_345,Polyester,2025-07-16,172.54,Kolkata,West Bengal,East,2.1.0
Textile_House_135,Synthetic,2025-12-25,531.33,Hooghly,West Bengal,East,2.1.0
Textile_House_241,Polyester,2025-12-25,195.01,Cuttack,Odisha,East,2.1.0
Textile_House_202,Silk,2025-08-15,331.6,Pune,Maharashtra,West,2.1.0
Textile_House_305,Silk,2025-09-18,894.51,Surat,Gujarat,West,2.1.0
Textile_House_207,Cotton,2025-02-15,545.5,Sambalpur,Odisha,East,2.1.0
Textile_House_183,Silk,2025-11-05,888.52,Ahmedabad,Gujarat,West,2.1.0
Textile_House_428,Silk,2025-06-04,617.88,Sambalpur,Odisha,East,2.1.0
Textile_House_469,Polyester,2025-09-10,754.35,Surat,Gujarat,West,2.1.0
Textile_House_306,Linen,2025-12-02,832.03,Kolkata,West Bengal,East,2.1.0
Textile_House_437,Silk,2025-11-09,899.51,Nagpur,Maharashtra,West,2.1.0
Textile_House_489,Silk,2025-05-14,589.43,Sambalpur,Odisha,East,2.1.0
Textile_House_331,Silk,2025-12-19,471.23,Hooghly,West Bengal,East,2.1.0
Textile_House_498,Linen,2025-04-17,502.57,Rajkot,Gujarat,West,2.1.0
Textile_House_192,Cotton,2025-11-28,132.19,Nagpur,Maharashtra,West,2.1.0
Textile_House_353,Cotton,2025-08-03,101.2,Kolkata,West Bengal,East,2.1.0
Textile_House_303,Linen,2025-04-17,702.22,Kolkata,West Bengal,East,2.1.0
Textile_House_313,Silk,2025-08-01,298.57,Ahmedabad,Gujarat,West,2.1.0
Textile_House_103,Synthetic,2025-12-18,386.13,Rajkot,Gujarat,West,2.1.0
Textile_House_266,Cotton,2025-12-09,785.07,Howrah,West Bengal,East,2.1.0
Textile_House_348,Synthetic,2025-07-12,611.21,Mumbai,Maharashtra,West,2.1.0
Textile_House_264,Cotton,2025-08-08,393.03,Surat,Gujarat,West,2.1.0
Textile_House_284,Synthetic,2025-01-06,356.49,Surat,Gujarat,West,2.1.0
Textile_House_292,Cotton,2025-04-25,948.29,Bhubaneswar,Odisha,East,2.1.0
Textile_House_414,Cotton,2025-01-15,597.62,Kolkata,West Bengal,East,2.1.0
Textile_House_375,Synthetic,2025-01-05,413.05,Kolkata,West Bengal,East,2.1.0
Textile_House_359,Linen,2025-12-05,180.94,Sambalpur,Odisha,East,2.1.0
Textile_House_340,Polyester,2025-09-07,213.75,Ahmedabad,Gujarat,West,2.1.0
Textile_House_124,Synthetic,2025-05-01,912.05,Surat,Gujarat,West,2.1.0
Textile_House_451,Silk,2025-08-03,422.8,Kolkata,West Bengal,East,2.1.0
Textile_House_357,Synthetic,2025-01-03,259.36,Rajkot,Gujarat,West,2.1.0
Textile_House_272,Polyester,2025-03-31,828.57,Bhubaneswar,Odisha,East,2.1.0
Textile_House_188,Linen,2025-06-16,974.2,Howrah,West Bengal,East,2.1.0
Textile_House_410,Polyester,2025-11-18,420.13,Surat,Gujarat,West,2.1.0
Textile_House_437,Synthetic,2025-03-13,967.19,Howrah,West Bengal,East,2.1.0
Textile_House_220,Polyester,2025-03-15,661.16,Sambalpur,Odisha,East,2.1.0
Textile_House_287,Linen,2025-04-30,269.81,Ahmedabad,Gujarat,West,2.1.0
Textile_House_171,Linen,2025-06-09,365.21,Mumbai,Maharashtra,West,2.1.0
Textile_House_395,Cotton,2025-04-09,812.48,Sambalpur,Odisha,East,2.1.0
Textile_House_473,Polyester,2025-02-08,437.75,Kolkata,West Bengal,East,2.1.0
Textile_House_205,Cotton,2025-07-04,326.29,Mumbai,Maharashtra,West,2.1.0
Textile_House_303,Silk,2025-04-14,678.51,Bhubaneswar,Odisha,East,2.1.0
Textile_House_324,Polyester,2025-02-22,709.83,Nagpur,Maharashtra,West,2.1.0
Textile_House_107,Synthetic,2025-10-24,887.93,Hooghly,West Bengal,East,2.1.0
Textile_House_246,Polyester,2025-05-19,505.52,Rajkot,Gujarat,West,2.1.0
Textile_House_201,Synthetic,2025-01-13,645.23,Nagpur,Maharashtra,West,2.1.0
Textile_House_125,Cotton,2025-03-09,237.38,Ahmedabad,Gujarat,West,2.1.0
Textile_House_496,Synthetic,2025-06-13,544.53,Mumbai,Maharashtra,West,2.1.0
Textile_House_280,Linen,2025-09-17,497.25,Nagpur,Maharashtra,West,2.1.0
Textile_House_273,Silk,2025-08-21,392.36,Rajkot,Gujarat,West,2.1.0
Textile_House_372,Polyester,2025-04-25,937.68,Sambalpur,Odisha,East,2.1.0
Textile_House_442,Polyester,2025-09-25,779.88,Hooghly,West Bengal,East,2.1.0
Textile_House_353,Silk,2025-07-05,206.63,Bhubaneswar,Odisha,East,2.1.0
Textile_House_209,Cotton,2025-06-23,53.55,Mumbai,Maharashtra,West,2.1.0
Textile_House_348,Cotton,2025-06-29,22.05,Bhubaneswar,Odisha,East,2.1.0
Textile_House_113,Linen,2025-10-19,655.47,Hooghly,West Bengal,East,2.1.0
Textile_House_317,Linen,2025-11-17,305.41,Howrah,West Bengal,East,2.1.0
Textile_House_254,Polyester,2025-03-26,881.81,Ahmedabad,Gujarat,West,2.1.0
Textile_House_243,Polyester,2025-08-22,414.68,Kolkata,West Bengal,East,2.1.0
Textile_House_304,Linen,2025-09-24,111.7,Nagpur,Maharashtra,West,2.1.0
Textile_House_359,Linen,2025-07-12,680.16,Hooghly,West Bengal,East,2.1.0
Textile_House_453,Cotton,2025-11-20,734.55,Kolkata,West Bengal,East,2.1.0
Textile_House_461,Silk,2025-05-06,160.07,Rajkot,Gujarat,West,2.1.0
Textile_House_154,Silk,2025-02-20,168.55,Cuttack,Odisha,East,2.1.0
Textile_House_350,Polyester,2025-02-08,115.24,Mumbai,Maharashtra,West,2.1.0
Textile_House_368,Cotton,2025-01-11,493.26,Ahmedabad,Gujarat,West,2.1.0
Textile_House_357,Polyester,2025-03-04,132.98,Howrah,West Bengal,East,2.1.0
Textile_House_309,Cotton,2025-02-04,142.03,Cuttack,Odisha,East,2.1.0
Textile_House_140,Synthetic,2025-01-18,754.18,Bhubaneswar,Odisha,East,2.1.0
Textile_House_281,Cotton,2025-12-23,292.58,Pune,Maharashtra,West,2.1.0
Textile_House_108,Silk,2025-03-29,783.4,Surat,Gujarat,West,2.1.0
Textile_House_441,Silk,2025-08-22,281.23,Surat,Gujarat,West,2.1.0
Textile_House_347,Linen,2025-12-13,854.84,Bhubaneswar,Odisha,East,2.1.0
Textile_House_227,Cotton,2025-07-09,399.98,Nagpur,Maharashtra,West,2.1.0
Textile_House_437,Linen,2025-09-10,244.35,Sambalpur,Odisha,East,2.1.0
Textile_House_372,Polyester,2025-01-21,309.75,Nagpur,Maharashtra,West,2.1.0
Textile_House_140,Synthetic,2025-07-04,736.09,Pune,Maharashtra,West,2.1.0
Textile_House_127,Synthetic,2025-01-24,654.35,Bhubaneswar,Odisha,East,2.1.0
Textile_House_335,Synthetic,2025-01-22,756.76,Cuttack,Odisha,East,2.1.0
Textile_House_111,Linen,2025-07-12,865.64,Surat,Gujarat,West,2.1.0
Textile_House_166,Linen,2025-11-17,419.14,Pune,Maharashtra,West,2.1.0
Textile_House_495,Synthetic,2025-10-02,953.74,Sambalpur,Odisha,East,2.1.0
Textile_House_251,Linen,2025-01-08,244.84,Hooghly,West Bengal,East,2.1.0
Textile_House_157,Cotton,2025-05-18,500.46,Hooghly,West Bengal,East,2.1.0
Textile_House_432,Polyester,2025-05-23,666.22,Cuttack,Odisha,East,2.1.0
Textile_House_194,Cotton,2025-02-04,662.35,Rajkot,Gujarat,West,2.1.0
Textile_House_453,Synthetic,2025-11-15,851.31,Bhubaneswar,Odisha,East,2.1.0
Textile_House_179,Linen,2025-09-15,885.08,Pune,Maharashtra,West,2.1.0
Textile_House_248,Synthetic,2025-09-05,851.91,Ahmedabad,Gujarat,West,2.1.0
Textile_House_188,Synthetic,2025-04-19,829.04,Sambalpur,Odisha,East,2.1.0
Textile_House_133,Linen,2025-08-28,834.06,Howrah,West Bengal,East,2.1.0
Textile_House_141,Polyester,2025-03-02,233.76,Hooghly,West Bengal,East,2.1.0
Textile_House_297,Polyester,2025-02-27,100.32,Pune,Maharashtra,West,2.1.0
Textile_House_364,Cotton,2025-07-15,206.65,Howrah,West Bengal,East,2.1.0
Textile_House_275,Synthetic,2025-10-27,148.77,Ahmedabad,Gujarat,West,2.1.0
Textile_House_329,Polyester,2025-07-12,611.35,Surat,Gujarat,West,2.1.0
Textile_House_299,Silk,2025-02-26,917.28,Mumbai,Maharashtra,West,2.1.0
Textile_House_417,Synthetic,2025-05-16,720.51,Surat,Gujarat,West,2.1.0
Textile_House_396,Cotton,2025-09-25,24.35,Sambalpur,Odisha,East,2.1.0
Textile_House_263,Silk,2025-07-29,808.96,Sambalpur,Odisha,East,2.1.0
Textile_House_183,Linen,2025-05-12,373.34,Cuttack,Odisha,East,2.1.0
Textile_House_459,Linen,2025-02-02,818.04,Howrah,West Bengal,East,2.1.0
Textile_House_213,Polyester,2025-02-18,37.8,Cuttack,Odisha,East,2.1.0
Textile_House_370,Synthetic,2025-08-17,484.24,Howrah,West Bengal,East,2.1.0
Textile_House_376,Cotton,2025-10-02,776.66,Hooghly,West Bengal,East,2.1.0
Textile_House_240,Linen,2025-12-24,620.07,Bhubaneswar,Odisha,East,2.1.0
Textile_House_275,Synthetic,2025-04-14,264.99,Sambalpur,Odisha,East,2.1.0
Textile_House_371,Cotton,2025-04-27,419.85,Ahmedabad,Gujarat,West,2.1.0
Textile_House_499,Silk,2025-02-01,738.85,Bhubaneswar,Odisha,East,2.1.0
Textile_House_363,Silk,2025-07-15,147.99,Kolkata,West Bengal,East,2.1.0
Textile_House_226,Silk,2025-07-26,335.02,Kolkata,West Bengal,East,2.1.0
Textile_House_170,Synthetic,2025-07-28,738.65,Surat,Gujarat,West,2.1.0
Textile_House_179,Cotton,2025-01-21,103.73,Mumbai,Maharashtra,West,2.1.0
Textile_House_296,Synthetic,2025-05-08,687.21,Bhubaneswar,Odisha,East,2.1.0
Textile_House_151,Silk,2025-08-30,839.3,Surat,Gujarat,West,2.1.0
Textile_House_175,Silk,2025-11-11,944.67,Cuttack,Odisha,East,2.1.0
Textile_House_239,Silk,2025-12-31,559.08,Rajkot,Gujarat,West,2.1.0
Textile_House_411,Cotton,2025-05-11,445.96,Howrah,West Bengal,East,2.1.0
Textile_House_177,Cotton,2025-11-30,69.53,Surat,Gujarat,West,2.1.0
Textile_House_380,Polyester,2025-05-14,318.46,Rajkot,Gujarat,West,2.1.0
Textile_House_268,Silk,2025-05-07,811.4,Bhubaneswar,Odisha,East,2.1.0
Textile_House_309,Polyester,2025-10-29,97.96,Cuttack,Odisha,East,2.1.0
Textile_House_352,Silk,2025-08-26,470.0,Howrah,West Bengal,East,2.1.0
Textile_House_175,Cotton,2025-02-08,602.88,Ahmedabad,Gujarat,West,2.1.0
Textile_House_135,Cotton,2025-03-13,981.43,Mumbai,Maharashtra,West,2.1.0
Textile_House_200,Cotton,2025-11-25,491.59,Rajkot,Gujarat,West,2.1.0
Textile_House_363,Synthetic,2025-12-01,962.82,Surat,Gujarat,West,2.1.0
Textile_House_459,Cotton,2025-01-25,642.66,Ahmedabad,Gujarat,West,2.1.0
Textile_House_270,Cotton,2025-08-29,467.45,Cuttack,Odisha,East,2.1.0
Textile_House_284,Synthetic,2025-01-08,919.55,Ahmedabad,Gujarat,West,2.1.0
Textile_House_419,Cotton,2025-04-12,612.22,Mumbai,Maharashtra,West,2.1.0
Textile_House_431,Linen,2025-11-15,735.08,Sambalpur,Odisha,East,2.1.0
Textile_House_377,Silk,2025-01-19,167.63,Rajkot,Gujarat,West,2.1.0
Textile_House_129,Synthetic,2025-11-12,61.46,Mumbai,Maharashtra,West,2.1.0
Textile_House_304,Cotton,2025-03-10,838.5,Bhubaneswar,Odisha,East,2.1.0
Textile_House_287,Cotton,2025-07-04,345.07,Ahmedabad,Gujarat,West,2.1.0
Textile_House_284,Cotton,2025-11-26,526.21,Kolkata,West Bengal,East,2.1.0
Textile_House_431,Polyester,2025-08-27,582.53,Bhubaneswar,Odisha,East,2.1.0
Textile_House_306,Silk,2025-06-01,140.09,Kolkata,West Bengal,East,2.1.0
Textile_House_121,Silk,2025-12-01,601.16,Mumbai,Maharashtra,West,2.1.0
Textile_House_159,Cotton,2025-10-28,948.32,Sambalpur,Odisha,East,2.1.0
Textile_House_496,Polyester,2025-05-18,290.95,Mumbai,Maharashtra,West,2.1.0
Textile_House_145,Linen,2025-08-14,334.28,Cuttack,Odisha,East,2.1.0
Textile_House_286,Synthetic,2025-10-11,105.39,Nagpur,Maharashtra,West,2.1.0
Textile_House_245,Synthetic,2025-04-27,427.49,Mumbai,Maharashtra,West,2.1.0
Textile_House_112,Silk,2025-09-10,811.62,Rajkot,Gujarat,West,2.1.0
Textile_House_272,Polyester,2025-10-27,890.17,Howrah,West Bengal,East,2.1.0
Textile_House_220,Silk,2025-07-07,801.08,Nagpur,Maharashtra,West,2.1.0
Textile_House_202,Synthetic,2025-06-09,869.53,Rajkot,Gujarat,West,2.1.0
Textile_House_309,Linen,2025-07-18,568.19,Sambalpur,Odisha,East,2.1.0
Textile_House_156,Silk,2025-10-21,910.54,Pune,Maharashtra,West,2.1.0
Textile_House_140,Linen,2025-03-24,444.95,Surat,Gujarat,West,2.1.0
Textile_House_127,Linen,2025-11-29,207.01,Surat,Gujarat,West,2.1.0
Textile_House_216,Synthetic,2025-03-28,363.87,Howrah,West Bengal,East,2.1.0
Textile_House_214,Polyester,2025-08-11,621.92,Sambalpur,Odisha,East,2.1.0
Textile_House_364,Linen,2025-05-28,953.98,Rajkot,Gujarat,West,2.1.0
Textile_House_310,Polyester,2025-12-22,946.18,Surat,Gujarat,West,2.1.0
Textile_House_379,Silk,2025-12-03,423.25,Bhubaneswar,Odisha,East,2.1.0
Textile_House_466,Silk,2025-08-03,926.06,Cuttack,Odisha,East,2.1.0
Textile_House_427,Polyester,2025-11-12,631.82,Sambalpur,Odisha,East,2.1.0
Textile_House_175,Polyester,2025-10-12,255.07,Howrah,West Bengal,East,2.1.0
Textile_House_444,Silk,2025-11-23,829.49,Pune,Maharashtra,West,2.1.0
Textile_House_289,Silk,2025-12-12,187.45,Pune,Maharashtra,West,2.1.0
Textile_House_419,Silk,2025-08-09,853.43,Ahmedabad,Gujarat,West,2.1.0
Textile_House_151,Cotton,2025-01-29,512.45,Cuttack,Odisha,East,2.1.0
Textile_House_236,Silk,2025-06-05,470.68,Sambalpur,Odisha,East,2.1.0
Textile_House_413,Cotton,2025-02-03,68.08,Sambalpur,Odisha,East,2.1.0
Textile_House_135,Polyester,2025-04-04,675.04,Howrah,West Bengal,East,2.1.0
Textile_House_138,Cotton,2025-03-08,937.04,Howrah,West Bengal,East,2.1.0
Textile_House_134,Silk,2025-07-08,52.33,Mumbai,Maharashtra,West,2.1.0
Textile_House_265,Silk,2025-11-12,705.07,Cuttack,Odisha,East,2.1.0
Textile_House_457,Polyester,2025-08-19,492.31,Nagpur,Maharashtra,West,2.1.0
Textile_House_322,Linen,2025-12-05,854.1,Surat,Gujarat,West,2.1.0
Textile_House_371,Linen,2025-01-08,159.03,Pune,Maharashtra,West,2.1.0
Textile_House_242,Cotton,2025-07-26,882.49,Nagpur,Maharashtra,West,2.1.0
Textile_House_250,Cotton,2025-12-06,678.93,Ahmedabad,Gujarat,West,2.1.0
Textile_House_233,Silk,2025-11-23,949.09,Surat,Gujarat,West,2.1.0
Textile_House_199,Linen,2025-06-17,544.42,Cuttack,Odisha,East,2.1.0
Textile_House_244,Silk,2025-04-03,214.79,Surat,Gujarat,West,2.1.0
Textile_House_410,Linen,2025-04-27,377.04,Howrah,West Bengal,East,2.1.0
Textile_House_310,Silk,2025-08-23,821.91,Sambalpur,Odisha,East,2.1.0
Textile_House_483,Polyester,2025-08-05,465.62,Pune,Maharashtra,West,2.1.0
Textile_House_375,Polyester,2025-09-17,888.3,Bhubaneswar,Odisha,East,2.1.0
Textile_House_332,Polyester,2025-05-02,452.64,Surat,Gujarat,West,2.1.0
Textile_House_378,Polyester,2025-11-25,416.06,Sambalpur,Odisha,East,2.1.0
Textile_House_390,Polyester,2025-12-07,955.55,Rajkot,Gujarat,West,2.1.0
Textile_House_403,Silk,2025-02-14,965.6,Bhubaneswar,Odisha,East,2.1.0
Textile_House_203,Linen,2025-04-30,322.71,Howrah,West Bengal,East,2.1.0
Textile_House_242,Silk,2025-07-09,189.2,Surat,Gujarat,West,2.1.0
Textile_House_434,Cotton,2025-11-06,264.66,Hooghly,West Bengal,East,2.1.0
Textile_House_277,Synthetic,2025-01-28,400.82,Sambalpur,Odisha,East,2.1.0
Textile_House_330,Polyester,2025-08-17,728.77,Surat,Gujarat,West,2.1.0
Textile_House_423,Polyester,2025-09-26,174.38,Surat,Gujarat,West,2.1.0
Textile_House_326,Synthetic,2025-07-16,612.32,Cuttack,Odisha,East,2.1.0
Textile_House_247,Synthetic,2025-09-09,995.92,Nagpur,Maharashtra,West,2.1.0
Textile_House_314,Linen,2025-11-06,247.03,Sambalpur,Odisha,East,2.1.0
Textile_House_341,Synthetic,2025-10-21,659.43,Hooghly,West Bengal,East,2.1.0
Textile_House_299,Linen,2025-06-26,591.45,Bhubaneswar,Odisha,East,2.1.0
Textile_House_435,Polyester,2025-09-01,898.3,Cuttack,Odisha,East,2.1.0
Textile_House_228,Linen,2025-02-18,912.13,Kolkata,West Bengal,East,2.1.0
Textile_House_341,Polyester,2025-12-05,255.98,Rajkot,Gujarat,West,2.1.0
Textile_House_400,Cotton,2025-03-05,475.93,Pune,Maharashtra,West,2.1.0
Textile_House_409,Linen,2025-11-17,898.43,Mumbai,Maharashtra,West,2.1.0
Textile_House_235,Linen,2025-05-31,709.78,Nagpur,Maharashtra,West,2.1.0
Textile_House_211,Linen,2025-10-29,544.71,Kolkata,West Bengal,East,2.1.0
Textile_House_158,Silk,2025-01-06,299.45,Hooghly,West Bengal,East,2.1.0
Textile_House_212,Silk,2025-08-03,723.69,Nagpur,Maharashtra,West,2.1.0
Textile_House_255,Cotton,2025-02-28,901.27,Cuttack,Odisha,East,2.1.0
Textile_House_140,Synthetic,2025-05-05,831.32,Surat,Gujarat,West,2.1.0
Textile_House_120,Silk,2025-12-27,188.95,Mumbai,Maharashtra,West,2.1.0
Textile_House_481,Linen,2025-04-08,12.16,Kolkata,West Bengal,East,2.1.0
Textile_House_444,Synthetic,2025-02-15,59.2,Kolkata,West Bengal,East,2.1.0
Textile_House_145,Polyester,2025-08-18,87.19,Hooghly,West Bengal,East,2.1.0
Textile_House_156,Polyester,2025-01-28,629.6,Nagpur,Maharashtra,West,2.1.0
Textile_House_464,Polyester,2025-11-25,784.83,Ahmedabad,Gujarat,West,2.1.0
Textile_House_385,Synthetic,2025-09-23,231.71,Kolkata,West Bengal,East,2.1.0
Textile_House_319,Silk,2025-07-16,991.07,Sambalpur,Odisha,East,2.1.0
Textile_House_169,Silk,2025-12-01,142.37,Surat,Gujarat,West,2.1.0
Textile_House_280,Synthetic,2025-10-22,157.09,Hooghly,West Bengal,East,2.1.0
Textile_House_424,Linen,2025-04-22,453.02,Bhubaneswar,Odisha,East,2.1.0
Textile_House_339,Polyester,2025-01-23,913.67,Ahmedabad,Gujarat,West,2.1.0
Textile_House_447,Cotton,2025-04-16,396.36,Cuttack,Odisha,East,2.1.0
Textile_House_133,Silk,2025-04-01,762.19,Rajkot,Gujarat,West,2.1.0
Textile_House_287,Synthetic,2025-01-30,805.1,Sambalpur,Odisha,East,2.1.0
Textile_House_445,Polyester,2025-12-31,249.98,Pune,Maharashtra,West,2.1.0
Textile_House_402,Linen,2025-07-12,402.04,Surat,Gujarat,West,2.1.0
Textile_House_137,Synthetic,2025-07-20,807.41,Surat,Gujarat,West,2.1.0
Textile_House_459,Silk,2025-02-10,141.87,Nagpur,Maharashtra,West,2.1.0
Textile_House_393,Polyester,2025-06-10,526.82,Ahmedabad,Gujarat,West,2.1.0
Textile_House_352,Polyester,2025-11-30,621.93,Cuttack,Odisha,East,2.1.0
Textile_House_112,Linen,2025-03-24,857.98,Ahmedabad,Gujarat,West,2.1.0
Textile_House_174,Silk,2025-08-13,706.4,Sambalpur,Odisha,East,2.1.0
Textile_House_404,Silk,2025-01-03,57.75,Sambalpur,Odisha,East,2.1.0
Textile_House_320,Synthetic,2025-04-13,883.14,Kolkata,West Bengal,East,2.1.0
Textile_House_181,Cotton,2025-05-06,444.64,Hooghly,West Bengal,East,2.1.0
Textile_House_131,Linen,2025-06-03,510.82,Ahmedabad,Gujarat,West,2.1.0
Textile_House_133,Linen,2025-07-21,175.88,Kolkata,West Bengal,East,2.1.0
Textile_House_447,Polyester,2025-05-01,8.52,Rajkot,Gujarat,West,2.1.0
Textile_House_167,Silk,2025-02-27,357.77,Surat,Gujarat,West,2.1.0
Textile_House_268,Cotton,2025-01-10,39.57,Rajkot,Gujarat,West,2.1.0
Textile_House_307,Linen,2025-06-11,792.26,Howrah,West Bengal,East,2.1.0
Textile_House_463,Polyester,2025-05-23,584.81,Kolkata,West Bengal,East,2.1.0
Textile_House_397,Linen,2025-02-15,738.63,Surat,Gujarat,West,2.1.0
Textile_House_305,Cotton,2025-04-08,330.08,Kolkata,West Bengal,East,2.1.0
Textile_House_489,Cotton,2025-12-03,594.52,Pune,Maharashtra,West,2.1.0
Textile_House_212,Synthetic,2025-09-20,650.53,Ahmedabad,Gujarat,West,2.1.0
Textile_House_462,Linen,2025-11-07,801.97,Howrah,West Bengal,East,2.1.0
Textile_House_431,Silk,2025-07-17,437.62,Surat,Gujarat,West,2.1.0
Textile_House_102,Linen,2025-05-21,319.13,Mumbai,Maharashtra,West,2.1.0
Textile_House_398,Polyester,2025-11-28,311.24,Ahmedabad,Gujarat,West,2.1.0
Textile_House_296,Cotton,2025-08-07,125.91,Kolkata,West Bengal,East,2.1.0
Textile_House_458,Cotton,2025-10-07,133.81,Surat,Gujarat,West,2.1.0
Textile_House_264,Linen,2025-03-21,735.72,Sambalpur,Odisha,East,2.1.0
Textile_House_189,Linen,2025-03-18,884.66,Rajkot,Gujarat,West,2.1.0
Textile_House_404,Synthetic,2025-01-17,788.43,Cuttack,Odisha,East,2.1.0
Textile_House_145,Silk,2025-10-20,301.29,Kolkata,West Bengal,East,2.1.0
Textile_House_407,Linen,2025-04-22,23.04,Pune,Maharashtra,West,2.1.0
Textile_House_252,Polyester,2025-03-24,819.24,Kolkata,West Bengal,East,2.1.0
Textile_House_179,Silk,2025-05-06,891.11,Kolkata,West Bengal,East,2.1.0
Textile_House_295,Synthetic,2025-03-19,362.64,Bhubaneswar,Odisha,East,2.1.0
Textile_House_348,Polyester,2025-06-02,344.3,Kolkata,West Bengal,East,2.1.0
Textile_House_243,Silk,2025-04-23,490.2,Pune,Maharashtra,West,2.1.0
Textile_House_137,Polyester,2025-12-16,72.98,Surat,Gujarat,West,2.1.0
Textile_House_466,Cotton,2025-07-15,87.01,Bhubaneswar,Odisha,East,2.1.0
Textile_House_279,Silk,2025-09-20,356.21,Mumbai,Maharashtra,West,2.1.0
Textile_House_374,Silk,2025-09-02,247.81,Ahmedabad,Gujarat,West,2.1.0
Textile_House_124,Linen,2025-12-17,73.16,Howrah,West Bengal,East,2.1.0
Textile_House_107,Linen,2025-06-30,423.07,Howrah,West Bengal,East,2.1.0
Textile_House_427,Silk,2025-11-07,952.08,Mumbai,Maharashtra,West,2.1.0
Textile_House_224,Cotton,2025-05-09,835.26,Rajkot,Gujarat,West,2.1.0
Textile_House_147,Polyester,2025-11-03,85.23,Kolkata,West Bengal,East,2.1.0
Textile_House_468,Cotton,2025-12-01,646.62,Howrah,West Bengal,East,2.1.0
Textile_House_434,Synthetic,2025-11-27,237.19,Hooghly,West Bengal,East,2.1.0
Textile_House_282,Linen,2025-01-28,229.39,Bhubaneswar,Odisha,East,2.1.0
Textile_House_284,Linen,2025-02-21,474.38,Kolkata,West Bengal,East,2.1.0
Textile_House_302,Linen,2025-12-17,689.51,Bhubaneswar,Odisha,East,2.1.0
Textile_House_357,Polyester,2025-06-06,88.53,Pune,Maharashtra,West,2.1.0
Textile_House_217,Polyester,2025-01-17,938.52,Ahmedabad,Gujarat,West,2.1.0
Textile_House_121,Synthetic,2025-09-30,631.16,Bhubaneswar,Odisha,East,2.1.0
Textile_House_464,Cotton,2025-09-05,543.87,Nagpur,Maharashtra,West,2.1.0
Textile_House_363,Synthetic,2025-12-21,791.81,Sambalpur,Odisha,East,2.1.0
Textile_House_475,Synthetic,2025-12-31,474.54,Ahmedabad,Gujarat,West,2.1.0
Textile_House_156,Linen,2025-04-10,137.99,Hooghly,West Bengal,East,2.1.0
Textile_House_175,Cotton,2025-12-28,950.25,Pune,Maharashtra,West,2.1.0
Textile_House_409,Silk,2025-01-05,811.45,Howrah,West Bengal,East,2.1.0
Textile_House_335,Cotton,2025-09-06,773.63,Ahmedabad,Gujarat,West,2.1.0
Textile_House_381,Cotton,2025-04-05,934.85,Kolkata,West Bengal,East,2.1.0
Textile_House_299,Cotton,2025-02-15,371.16,Nagpur,Maharashtra,West,2.1.0
Textile_House_197,Polyester,2025-04-28,422.9,Rajkot,Gujarat,West,2.1.0
Textile_House_226,Polyester,2025-06-04,611.01,Rajkot,Gujarat,West,2.1.0
Textile_House_423,Silk,2025-09-10,577.32,Bhubaneswar,Odisha,East,2.1.0
Textile_House_151,Synthetic,2025-12-08,433.97,Ahmedabad,Gujarat,West,2.1.0
Textile_House_138,Polyester,2025-09-02,220.58,Bhubaneswar,Odisha,East,2.1.0
Textile_House_333,Synthetic,2025-04-09,38.75,Ahmedabad,Gujarat,West,2.1.0
Textile_House_244,Polyester,2025-01-01,251.28,Surat,Gujarat,West,2.1.0
Textile_House_362,Synthetic,2025-01-16,83.85,Howrah,West Bengal,East,2.1.0
Textile_House_288,Linen,2025-07-21,35.23,Ahmedabad,Gujarat,West,2.1.0
Textile_House_327,Silk,2025-04-03,409.26,Nagpur,Maharashtra,West,2.1.0
Textile_House_255,Silk,2025-06-22,792.95,Bhubaneswar,Odisha,East,2.1.0
Textile_House_283,Silk,2025-04-28,735.7,Rajkot,Gujarat,West,2.1.0
Textile_House_465,Linen,2025-12-24,532.65,Nagpur,Maharashtra,West,2.1.0
Textile_House_328,Cotton,2025-06-22,841.84,Kolkata,West Bengal,East,2.1.0
Textile_House_365,Silk,2025-06-11,438.15,Pune,Maharashtra,West,2.1.0
Textile_House_483,Linen,2025-05-10,641.92,Nagpur,Maharashtra,West,2.1.0
Textile_House_152,Polyester,2025-04-28,371.88,Sambalpur,Odisha,East,2.1.0
Textile_House_204,Silk,2025-05-25,140.5,Kolkata,West Bengal,East,2.1.0
Textile_House_304,Silk,2025-11-10,277.9,Howrah,West Bengal,East,2.1.0
Textile_House_371,Cotton,2025-09-30,113.31,Nagpur,Maharashtra,West,2.1.0
Textile_House_112,Linen,2025-08-09,388.61,Cuttack,Odisha,East,2.1.0
Textile_House_144,Cotton,2025-03-26,104.05,Cuttack,Odisha,East,2.1.0
Textile_House_432,Linen,2025-09-12,664.71,Rajkot,Gujarat,West,2.1.0
Textile_House_235,Linen,2025-11-15,179.95,Ahmedabad,Gujarat,West,2.1.0
Textile_House_269,Linen,2025-06-11,690.94,Hooghly,West Bengal,East,2.1.0
Textile_House_124,Silk,2025-11-18,396.18,Pune,Maharashtra,West,2.1.0
Textile_House_437,Cotton,2025-07-01,66.37,Howrah,West Bengal,East,2.1.0
Textile_House_323,Cotton,2025-11-03,317.79,Cuttack,Odisha,East,2.1.0
Textile_House_403,Linen,2025-10-23,582.94,Hooghly,West Bengal,East,2.1.0
Textile_House_477,Polyester,2025-10-04,997.63,Surat,Gujarat,West,2.1.0
Textile_House_118,Polyester,2025-10-09,333.09,Sambalpur,Odisha,East,2.1.0
Textile_House_321,Cotton,2025-08-16,800.5,Rajkot,Gujarat,West,2.1.0
Textile_House_416,Synthetic,2025-07-17,382.33,Kolkata,West Bengal,East,2.1.0
Textile_House_350,Linen,2025-03-11,611.57,Howrah,West Bengal,East,2.1.0
Textile_House_394,Polyester,2025-09-23,342.77,Hooghly,West Bengal,East,2.1.0
Textile_House_280,Silk,2025-02-22,904.54,Nagpur,Maharashtra,West,2.1.0
Textile_House_227,Linen,2025-08-20,803.26,Nagpur,Maharashtra,West,2.1.0
Textile_House_456,Linen,2025-09-12,920.19,Hooghly,West Bengal,East,2.1.0
Textile_House_263,Synthetic,2025-11-25,537.51,Rajkot,Gujarat,West,2.1.0
Textile_House_214,Cotton,2025-01-07,779.53,Pune,Maharashtra,West,2.1.0
Textile_House_251,Linen,2025-03-06,659.68,Mumbai,Maharashtra,West,2.1.0
Textile_House_345,Polyester,2025-08-08,911.68,Bhubaneswar,Odisha,East,2.1.0
Textile_House_355,Cotton,2025-09-22,250.66,Hooghly,West Bengal,East,2.1.0
Textile_House_152,Silk,2025-02-01,55.69,Kolkata,West Bengal,East,2.1.0
Textile_House_269,Linen,2025-01-24,278.05,Rajkot,Gujarat,West,2.1.0
Textile_House_493,Cotton,2025-05-26,930.83,Hooghly,West Bengal,East,2.1.0
Textile_House_493,Polyester,2025-08-30,713.37,Kolkata,West Bengal,East,2.1.0
Textile_House_438,Cotton,2025-11-08,628.53,Pune,Maharashtra,West,2.1.0
Textile_House_452,Polyester,2025-09-03,136.5,Sambalpur,Odisha,East,2.1.0
Textile_House_302,Synthetic,2025-07-02,206.17,Howrah,West Bengal,East,2.1.0
Textile_House_443,Linen,2025-11-02,341.0,Howrah,West Bengal,East,2.1.0
Textile_House_425,Cotton,2025-07-23,902.14,Bhubaneswar,Odisha,East,2.1.0
Textile_House_296,Silk,2025-03-12,412.95,Howrah,West Bengal,East,2.1.0
Textile_House_164,Synthetic,2025-06-14,167.45,Surat,Gujarat,West,2.1.0
Textile_House_494,Synthetic,2025-06-10,974.46,Ahmedabad,Gujarat,West,2.1.0
Textile_House_118,Synthetic,2025-11-30,5.35,Kolkata,West Bengal,East,2.1.0
Textile_House_487,Polyester,2025-07-10,936.11,Kolkata,West Bengal,East,2.1.0
Textile_House_407,Synthetic,2025-06-17,407.02,Ahmedabad,Gujarat,West,2.1.0
Textile_House_391,Cotton,2025-10-02,879.92,Mumbai,Maharashtra,West,2.1.0
Textile_House_105,Polyester,2025-04-16,608.31,Surat,Gujarat,West,2.1.0
Textile_House_282,Linen,2025-06-25,712.99,Hooghly,West Bengal,East,2.1.0
Textile_House_259,Polyester,2025-04-02,27.36,Sambalpur,Odisha,East,2.1.0
Textile_House_155,Polyester,2025-02-11,721.13,Rajkot,Gujarat,West,2.1.0
Textile_House_150,Synthetic,2025-02-04,496.37,Sambalpur,Odisha,East,2.1.0
Textile_House_157,Synthetic,2025-03-14,894.11,Hooghly,West Bengal,East,2.1.0
Textile_House_106,Silk,2025-09-01,805.57,Surat,Gujarat,West,2.1.0
Textile_House_467,Silk,2025-07-05,879.92,Howrah,West Bengal,East,2.1.0
Textile_House_273,Polyester,2025-08-29,252.12,Sambalpur,Odisha,East,2.1.0
Textile_House_142,Synthetic,2025-03-28,219.13,Mumbai,Maharashtra,West,2.1.0
Textile_House_285,Cotton,2025-06-25,48.4,Howrah,West Bengal,East,2.1.0
Textile_House_162,Cotton,2025-08-12,950.49,Kolkata,West Bengal,East,2.1.0
Textile_House_265,Linen,2025-07-15,340.99,Bhubaneswar,Odisha,East,2.1.0
Textile_House_163,Linen,2025-04-28,613.36,Mumbai,Maharashtra,West,2.1.0
Textile_House_338,Polyester,2025-03-29,135.38,Nagpur,Maharashtra,West,2.1.0
Textile_House_336,Silk,2025-02-07,146.93,Hooghly,West Bengal,East,2.1.0
Textile_House_436,Cotton,2025-10-10,657.7,Surat,Gujarat,West,2.1.0
Textile_House_268,Synthetic,2025-01-03,123.72,Pune,Maharashtra,West,2.1.0
Textile_House_417,Synthetic,2025-02-01,674.66,Kolkata,West Bengal,East,2.1.0
Textile_House_438,Cotton,2025-01-18,898.11,Cuttack,Odisha,East,2.1.0
Textile_House_423,Synthetic,2025-02-06,172.91,Ahmedabad,Gujarat,West,2.1.0
Textile_House_162,Linen,2025-05-05,209.67,Surat,Gujarat,West,2.1.0
Textile_House_164,Polyester,2025-07-07,318.12,Ahmedabad,Gujarat,West,2.1.0
Textile_House_104,Linen,2025-07-22,374.97,Howrah,West Bengal,East,2.1.0
Textile_House_425,Synthetic,2025-11-28,508.0,Sambalpur,Odisha,East,2.1.0
Textile_House_327,Linen,2025-12-02,366.97,Howrah,West Bengal,East,2.1.0
Textile_House_318,Cotton,2025-09-03,215.19,Howrah,West Bengal,East,2.1.0
Textile_House_369,Polyester,2025-11-04,988.87,Mumbai,Maharashtra,West,2.1.0
Textile_House_267,Linen,2025-11-30,116.38,Howrah,West Bengal,East,2.1.0
Textile_House_252,Polyester,2025-01-01,911.34,Bhubaneswar,Odisha,East,2.1.0
Textile_House_499,Linen,2025-08-05,612.36,Bhubaneswar,Odisha,East,2.1.0
Textile_House_206,Cotton,2025-02-06,604.81,Howrah,West Bengal,East,2.1.0
Textile_House_290,Polyester,2025-06-26,366.04,Kolkata,West Bengal,East,2.1.0
Textile_House_309,Synthetic,2025-01-24,996.64,Hooghly,West Bengal,East,2.1.0
Textile_House_164,Polyester,2025-08-25,260.13,Rajkot,Gujarat,West,2.1.0
Textile_House_202,Linen,2025-08-05,648.36,Bhubaneswar,Odisha,East,2.1.0
Textile_House_441,Polyester,2025-06-06,77.2,Sambalpur,Odisha,East,2.1.0
Textile_House_309,Synthetic,2025-10-18,586.88,Bhubaneswar,Odisha,East,2.1.0
Textile_House_411,Synthetic,2025-06-06,650.58,Nagpur,Maharashtra,West,2.1.0
Textile_House_276,Silk,2025-12-12,379.38,Bhubaneswar,Odisha,East,2.1.0
Textile_House_176,Cotton,2025-01-29,848.34,Mumbai,Maharashtra,West,2.1.0
Textile_House_376,Polyester,2025-01-18,132.77,Nagpur,Maharashtra,West,2.1.0
Textile_House_258,Cotton,2025-09-14,535.88,Sambalpur,Odisha,East,2.1.0
Textile_House_365,Silk,2025-08-24,315.51,Rajkot,Gujarat,West,2.1.0
Textile_House_248,Linen,2025-05-11,788.73,Cuttack,Odisha,East,2.1.0
Textile_House_443,Linen,2025-09-08,22.2,Pune,Maharashtra,West,2.1.0
Textile_House_388,Cotton,2025-12-17,48.85,Cuttack,Odisha,East,2.1.0
Textile_House_338,Linen,2025-11-21,757.35,Pune,Maharashtra,West,2.1.0
Textile_House_282,Polyester,2025-12-08,465.85,Mumbai,Maharashtra,West,2.1.0
Textile_House_260,Polyester,2025-03-16,266.15,Pune,Maharashtra,West,2.1.0
Textile_House_256,Linen,2025-09-14,672.15,Hooghly,West Bengal,East,2.1.0
Textile_House_304,Linen,2025-10-02,841.62,Cuttack,Odisha,East,2.1.0
Textile_House_449,Linen,2025-11-22,727.98,Cuttack,Odisha,East,2.1.0
Textile_House_398,Polyester,2025-12-01,21.44,Ahmedabad,Gujarat,West,2.1.0
Textile_House_333,Linen,2025-09-01,330.21,Kolkata,West Bengal,East,2.1.0
Textile_House_296,Silk,2025-05-14,934.13,Cuttack,Odisha,East,2.1.0
Textile_House_438,Linen,2025-09-20,963.26,Surat,Gujarat,West,2.1.0
Textile_House_497,Cotton,2025-03-23,365.39,Cuttack,Odisha,East,2.1.0
Textile_House_272,Linen,2025-01-30,392.43,Mumbai,Maharashtra,West,2.1.0
Textile_House_282,Cotton,2025-02-28,924.4,Surat,Gujarat,West,2.1.0
Textile_House_258,Cotton,2025-06-01,673.31,Surat,Gujarat,West,2.1.0
Textile_House_126,Synthetic,2025-05-07,495.69,Ahmedabad,Gujarat,West,2.1.0
Textile_House_174,Linen,2025-03-18,143.25,Hooghly,West Bengal,East,2.1.0
Textile_House_231,Linen,2025-07-13,725.91,Ahmedabad,Gujarat,West,2.1.0
Textile_House_243,Polyester,2025-01-25,481.72,Kolkata,West Bengal,East,2.1.0
Textile_House_105,Silk,2025-08-14,516.59,Rajkot,Gujarat,West,2.1.0
Textile_House_269,Linen,2025-07-14,844.6,Mumbai,Maharashtra,West,2.1.0
Textile_House_414,Linen,2025-08-11,462.32,Rajkot,Gujarat,West,2.1.0
Textile_House_164,Linen,2025-05-22,728.76,Nagpur,Maharashtra,West,2.1.0
Textile_House_310,Linen,2025-08-30,730.98,Nagpur,Maharashtra,West,2.1.0
Textile_House_465,Silk,2025-11-17,279.9,Sambalpur,Odisha,East,2.1.0
Textile_House_316,Cotton,2025-06-11,236.92,Pune,Maharashtra,West,2.1.0
Textile_House_376,Linen,2025-08-22,556.0,Kolkata,West Bengal,East,2.1.0
Textile_House_170,Linen,2025-09-20,483.0,Bhubaneswar,Odisha,East,2.1.0
Textile_House_321,Cotton,2025-02-13,674.63,Kolkata,West Bengal,East,2.1.0
Textile_House_298,Cotton,2025-01-20,118.42,Mumbai,Maharashtra,West,2.1.0
Textile_House_425,Synthetic,2025-08-13,25.88,Rajkot,Gujarat,West,2.1.0
Textile_House_303,Cotton,2025-05-28,498.87,Rajkot,Gujarat,West,2.1.0
Textile_House_329,Polyester,2025-08-05,850.17,Hooghly,West Bengal,East,2.1.0
Textile_House_187,Synthetic,2025-02-11,114.44,Nagpur,Maharashtra,West,2.1.0
Textile_House_411,Synthetic,2025-07-13,582.49,Rajkot,Gujarat,West,2.1.0
Textile_House_122,Polyester,2025-05-15,512.02,Howrah,West Bengal,East,2.1.0
Textile_House_373,Linen,2025-02-27,24.95,Pune,Maharashtra,West,2.1.0
Textile_House_296,Synthetic,2025-08-28,734.5,Rajkot,Gujarat,West,2.1.0
Textile_House_454,Cotton,2025-06-29,426.64,Nagpur,Maharashtra,West,2.1.0
Textile_House_372,Linen,2025-10-05,434.31,Surat,Gujarat,West,2.1.0
Textile_House_383,Polyester,2025-11-05,918.13,Rajkot,Gujarat,West,2.1.0
Textile_House_230,Silk,2025-09-14,695.43,Nagpur,Maharashtra,West,2.1.0
Textile_House_444,Polyester,2025-06-22,659.45,Ahmedabad,Gujarat,West,2.1.0
Textile_House_366,Polyester,2025-09-03,263.11,Pune,Maharashtra,West,2.1.0
Textile_House_482,Silk,2025-06-09,13.21,Kolkata,West Bengal,East,2.1.0
Textile_House_247,Linen,2025-01-05,723.13,Hooghly,West Bengal,East,2.1.0
Textile_House_348,Synthetic,2025-10-10,543.08,Mumbai,Maharashtra,West,2.1.0
Textile_House_270,Linen,2025-06-23,562.42,Bhubaneswar,Odisha,East,2.1.0
Textile_House_364,Synthetic,2025-10-20,137.99,Pune,Maharashtra,West,2.1.0
Textile_House_256,Synthetic,2025-02-18,189.85,Kolkata,West Bengal,East,2.1.0
Textile_House_305,Synthetic,2025-01-19,936.31,Cuttack,Odisha,East,2.1.0
Textile_House_294,Polyester,2025-03-16,596.47,Pune,Maharashtra,West,2.1.0
Textile_House_337,Polyester,2025-03-24,262.16,Sambalpur,Odisha,East,2.1.0
Textile_House_406,Polyester,2025-06-21,952.58,Hooghly,West Bengal,East,2.1.0
Textile_House_226,Synthetic,2025-06-02,580.75,Cuttack,Odisha,East,2.1.0
Textile_House_442,Cotton,2025-02-21,232.9,Pune,Maharashtra,West,2.1.0
